customerid,age,marital,education,balance,housing,loan,duration,campaign,pdays,previous,current,deposit
41368,38,married,secondary,105,no,no,244,2,-1,0,1,no
21463,55,married,tertiary,457,yes,no,61,3,-1,0,1,no
56714,35,married,secondary,614,yes,no,242,2,-1,0,1,no
43610,27,single,secondary,-46,yes,no,97,3,199,8,1,no
66347,56,married,secondary,-1122,yes,yes,220,1,-1,0,1,no
5338,58,single,secondary,2223,no,no,1139,2,114,1,1,no
51172,50,married,primary,2636,yes,no,349,2,-1,0,1,no
98918,74,married,secondary,1714,no,no,127,1,-1,0,1,yes
15087,45,married,tertiary,6945,no,no,131,5,356,3,1,no
5950,28,single,secondary,1285,no,no,199,2,2,17,1,no
423,57,married,primary,2892,yes,no,235,5,-1,0,1,no
4607,29,married,tertiary,1022,yes,no,408,1,-1,0,1,no
76264,31,married,secondary,536,yes,no,22,6,-1,0,1,no
44819,34,married,secondary,945,yes,yes,181,1,-1,0,1,no
76683,28,single,secondary,19,no,no,78,4,-1,0,1,no
419,39,married,secondary,1427,yes,no,454,1,-1,0,1,no
25750,33,married,primary,681,yes,no,222,1,-1,0,1,no
40104,51,single,tertiary,11222,yes,no,151,7,-1,0,1,no
83610,38,married,tertiary,1324,yes,no,178,1,-1,0,1,no
59320,31,single,secondary,8304,no,no,164,1,183,1,1,no
66063,26,single,tertiary,592,no,no,145,2,164,1,1,no
89421,46,married,primary,323,yes,no,108,6,-1,0,1,no
78553,33,single,secondary,4436,yes,no,81,6,-1,0,1,no
23208,31,married,secondary,713,yes,no,373,1,-1,0,1,no
51640,67,single,tertiary,2144,no,no,847,2,-1,0,1,yes
40546,57,married,secondary,573,no,no,53,11,-1,0,1,no
88022,40,married,unknown,638,yes,yes,68,3,254,2,1,no
3583,30,single,tertiary,178,yes,no,234,1,-1,0,1,no
28105,44,married,unknown,722,yes,no,269,2,-1,0,1,no
59996,37,divorced,secondary,1448,yes,no,71,2,-1,0,1,no
21416,35,married,tertiary,0,yes,yes,112,1,62,6,1,no
82974,34,single,secondary,3,yes,no,301,1,-1,0,1,no
1596,34,divorced,secondary,1085,no,no,101,7,-1,0,1,yes
21887,37,divorced,secondary,2152,yes,no,200,1,-1,0,1,no
93721,51,single,secondary,3132,no,no,449,1,176,1,1,no
73941,56,married,unknown,1848,yes,no,147,2,260,1,1,no
40394,51,married,primary,2315,no,no,111,2,-1,0,1,no
67145,34,single,secondary,60,no,no,274,2,-1,0,1,no
13697,45,single,secondary,11,no,no,247,1,-1,0,1,no
90326,47,married,primary,52,yes,yes,140,1,-1,0,1,no
55078,30,single,secondary,54,no,no,194,2,-1,0,1,no
22826,57,married,tertiary,1181,no,no,169,2,182,2,1,yes
92113,49,married,primary,61,yes,no,246,1,-1,0,1,no
75494,40,single,tertiary,15,no,yes,4,1,-1,0,1,no
73328,38,married,secondary,121,yes,yes,168,1,212,2,1,no
85785,47,single,tertiary,1192,yes,no,217,2,-1,0,1,no
5681,30,single,tertiary,478,no,no,193,3,-1,0,1,no
78444,40,married,secondary,220,yes,no,69,3,-1,0,1,no
71528,28,single,tertiary,882,no,yes,94,1,205,2,1,no
6465,34,married,secondary,1689,no,no,423,1,-1,0,1,no
55612,51,married,secondary,1377,no,no,9,2,-1,0,1,no
61955,47,single,secondary,594,yes,no,161,1,-1,0,1,no
68291,51,married,secondary,8758,no,no,92,2,-1,0,1,no
10147,53,married,secondary,-689,yes,no,242,1,-1,0,1,no
70349,30,single,tertiary,3026,no,no,251,1,535,1,1,yes
38941,37,married,primary,380,yes,yes,548,2,-1,0,1,no
84587,45,divorced,secondary,54,no,no,83,3,-1,0,1,no
27197,39,married,secondary,1034,yes,no,306,1,-1,0,1,no
74328,47,married,primary,10697,no,no,274,2,-1,0,1,no
87012,33,married,tertiary,2213,no,no,240,1,385,9,1,no
85954,53,married,unknown,28,no,no,117,2,-1,0,1,no
24900,35,married,tertiary,7990,yes,no,357,1,-1,0,1,no
88966,49,married,secondary,298,yes,no,392,3,-1,0,1,no
16343,52,married,secondary,1797,yes,no,92,2,99,1,1,no
68597,42,divorced,secondary,-106,yes,no,495,1,347,3,1,no
17107,32,single,primary,557,yes,no,112,2,-1,0,1,no
56478,35,single,tertiary,7546,yes,no,137,1,122,3,1,no
4359,45,divorced,primary,407,yes,no,196,1,-1,0,1,no
24569,38,married,primary,2569,no,no,172,1,-1,0,1,no
86836,43,married,secondary,128,yes,no,71,1,-1,0,1,no
23150,31,married,tertiary,6562,yes,no,118,2,-1,0,1,no
32962,40,divorced,secondary,9,no,no,154,2,-1,0,1,no
94973,49,married,tertiary,96,no,no,51,2,-1,0,1,no
88251,33,single,secondary,395,yes,no,95,8,-1,0,1,no
61067,58,married,unknown,0,no,no,273,2,-1,0,1,no
56150,32,single,secondary,230,yes,no,442,1,266,8,1,yes
80740,44,married,primary,0,yes,no,408,2,350,1,1,no
38618,28,single,secondary,280,yes,no,142,3,-1,0,1,no
79459,45,single,primary,4289,yes,no,400,1,-1,0,1,no
75179,51,married,secondary,429,no,no,230,2,-1,0,1,no
645,54,married,tertiary,0,no,no,260,7,-1,0,1,no
39096,26,single,primary,1538,no,yes,97,3,-1,0,1,no
79854,54,divorced,primary,308,yes,no,248,3,-1,0,1,no
63412,24,single,secondary,822,no,no,184,1,91,2,1,yes
72070,35,married,secondary,444,yes,no,244,3,-1,0,1,no
38095,57,married,secondary,1179,no,no,189,2,-1,0,1,no
49252,24,single,secondary,1857,yes,no,473,4,-1,0,1,no
89149,42,married,secondary,2145,no,no,124,3,-1,0,1,no
4271,47,married,secondary,458,no,no,66,1,-1,0,1,no
77504,31,married,secondary,520,yes,no,123,7,-1,0,1,no
51054,34,married,primary,-144,yes,no,79,2,-1,0,1,no
75657,55,married,secondary,241,yes,no,14,6,-1,0,1,no
62880,38,married,primary,-326,yes,no,237,3,-1,0,1,no
71375,56,married,tertiary,247,no,no,44,2,-1,0,1,no
64847,44,married,tertiary,121,no,no,248,1,91,1,1,yes
32934,50,married,secondary,464,no,yes,426,2,-1,0,1,no
56387,34,married,secondary,0,yes,no,1025,2,-1,0,1,no
64650,33,divorced,secondary,751,yes,no,237,1,-1,0,1,no
55906,33,married,secondary,968,yes,no,204,5,-1,0,1,no
47155,29,married,tertiary,125,no,no,130,2,-1,0,1,no
18993,33,married,secondary,2711,no,no,184,1,104,1,1,no
8024,41,single,primary,156,yes,no,47,5,-1,0,1,no
98412,58,married,primary,99,yes,no,215,3,-1,0,1,no
56140,34,married,secondary,0,yes,yes,34,2,288,12,1,no
46076,24,single,secondary,1957,no,no,113,1,-1,0,1,no
86175,42,married,secondary,738,no,no,20,3,-1,0,1,no
36348,30,married,secondary,-306,yes,yes,372,1,186,1,1,no
68143,27,single,secondary,-151,no,no,283,2,-1,0,1,no
29825,55,married,primary,5109,no,no,55,1,-1,0,1,no
62824,45,divorced,tertiary,54,no,yes,34,3,-1,0,1,no
86032,26,single,tertiary,777,yes,no,260,2,463,1,1,no
50241,42,married,primary,2003,yes,no,177,3,-1,0,1,no
48861,37,single,tertiary,1188,no,no,310,1,-1,0,1,yes
69292,54,single,unknown,447,yes,no,742,2,-1,0,1,no
88653,26,single,secondary,-42,no,yes,305,3,-1,0,1,no
44209,30,single,secondary,-838,yes,no,142,2,-1,0,1,no
82783,48,married,secondary,0,no,no,142,1,-1,0,1,no
77440,25,single,tertiary,89,no,no,274,1,-1,0,1,no
82763,46,married,primary,642,no,no,110,4,-1,0,1,no
70497,30,married,secondary,521,yes,no,648,1,-1,0,1,no
92101,34,married,secondary,3814,yes,no,286,2,-1,0,1,no
61525,44,divorced,secondary,51,yes,yes,3094,2,-1,0,1,yes
29385,52,married,primary,10943,no,no,292,1,-1,0,1,yes
23542,32,single,secondary,-578,no,no,115,1,-1,0,1,no
28100,43,divorced,primary,177,no,no,124,1,-1,0,1,no
83271,52,divorced,secondary,280,no,no,8,12,-1,0,1,no
33911,29,single,secondary,-580,yes,no,123,2,-1,0,1,no
68716,37,married,secondary,448,no,no,86,3,-1,0,1,no
6686,27,single,secondary,381,yes,no,143,1,-1,0,1,no
50505,27,single,secondary,317,yes,no,16,10,-1,0,1,no
94619,37,married,tertiary,2401,no,no,203,7,-1,0,1,no
84873,36,married,tertiary,1473,yes,yes,206,2,-1,0,1,no
82217,51,single,secondary,2130,yes,no,126,8,-1,0,1,no
41423,49,married,secondary,1219,yes,no,168,5,-1,0,1,no
10158,39,single,tertiary,763,no,no,192,1,-1,0,1,no
28424,30,married,tertiary,-256,yes,no,51,5,-1,0,1,no
27047,37,married,tertiary,585,yes,no,47,2,-1,0,1,no
8170,26,single,secondary,655,no,no,190,1,-1,0,1,yes
68601,40,single,secondary,134,yes,yes,126,2,-1,0,1,no
3906,33,married,secondary,1536,no,no,258,2,178,4,1,yes
40760,34,married,tertiary,786,yes,yes,250,1,-1,0,1,no
65221,54,married,tertiary,876,no,no,269,3,541,3,1,yes
91707,58,married,secondary,372,no,no,315,2,-1,0,1,no
11117,56,married,primary,690,yes,no,309,2,-1,0,1,no
92714,37,married,secondary,38,no,no,94,13,-1,0,1,no
67145,34,single,secondary,60,no,no,274,2,-1,0,1,no
38634,54,married,primary,258,no,no,29,1,-1,0,1,no
96447,32,married,secondary,11697,yes,no,296,1,-1,0,1,no
82718,42,divorced,secondary,-106,yes,no,95,1,-1,0,1,no
17260,32,married,tertiary,2431,no,no,19,19,-1,0,1,no
39311,47,married,primary,586,no,no,68,2,-1,0,1,no
13354,43,single,tertiary,359,yes,no,899,3,-1,0,1,no
79665,51,single,unknown,196,no,no,98,1,-1,0,1,no
56937,38,married,tertiary,45,no,no,125,4,-1,0,1,no
39227,45,married,secondary,1998,no,no,237,5,-1,0,1,yes
61121,43,single,primary,30,yes,no,379,17,-1,0,1,no
71793,49,divorced,secondary,-39,yes,yes,147,3,-1,0,1,no
17733,34,married,primary,-480,yes,yes,225,1,-1,0,1,no
9443,34,married,tertiary,1539,yes,no,441,1,56,1,1,yes
32129,45,married,secondary,1041,yes,no,238,3,-1,0,1,no
95549,33,married,primary,289,yes,no,309,1,363,4,1,no
26685,56,single,tertiary,1947,no,no,110,1,-1,0,1,yes
36484,49,married,secondary,3570,no,no,62,3,202,2,1,no
89195,53,married,secondary,1225,no,no,70,2,-1,0,1,no
5978,26,single,secondary,2613,no,no,326,1,-1,0,1,yes
44903,33,single,secondary,2979,no,no,326,2,437,1,1,yes
73943,43,divorced,secondary,0,yes,no,125,2,-1,0,1,no
56009,28,married,tertiary,1109,yes,no,89,4,310,5,1,no
42368,44,married,primary,10,yes,no,196,1,-1,0,1,no
13081,38,married,secondary,611,yes,yes,61,3,-1,0,1,no
22141,27,divorced,unknown,2323,yes,no,153,1,-1,0,1,no
77722,39,married,primary,800,yes,no,53,5,175,6,1,no
21348,23,single,secondary,0,yes,no,6,5,350,2,1,no
35235,25,married,unknown,776,yes,no,290,1,-1,0,1,no
55671,55,married,tertiary,4359,no,no,394,2,-1,0,1,no
51184,52,married,secondary,230,yes,yes,89,4,-1,0,1,no
55722,56,married,tertiary,3172,yes,no,139,1,-1,0,1,no
9515,48,married,secondary,1600,no,no,117,1,-1,0,1,no
11294,34,single,secondary,1076,no,no,70,2,-1,0,1,no
63710,54,married,tertiary,16843,no,no,116,1,-1,0,1,no
16997,35,single,tertiary,994,no,no,75,2,-1,0,1,no
13703,37,married,primary,351,no,no,108,1,-1,0,1,no
2162,52,divorced,secondary,225,no,no,58,2,-1,0,1,no
26625,56,married,unknown,7,no,no,305,2,-1,0,1,no
16424,33,married,secondary,108,yes,no,158,2,-1,0,1,no
52899,36,single,secondary,98,no,no,771,1,-1,0,1,yes
71197,27,single,tertiary,-291,yes,no,66,2,-1,0,1,no
15410,33,single,secondary,706,yes,no,329,1,322,1,1,no
95611,41,married,primary,46,no,no,268,1,-1,0,1,no
42016,28,married,secondary,0,yes,yes,210,1,-1,0,1,no
14171,41,married,secondary,235,yes,no,181,1,-1,0,1,no
65282,29,single,tertiary,1788,no,no,353,1,-1,0,1,yes
96365,55,divorced,primary,96,yes,yes,311,2,-1,0,1,no
80914,43,single,tertiary,317,yes,no,106,1,-1,0,1,no
28183,35,married,primary,0,yes,no,90,6,-1,0,1,no
93734,57,married,secondary,1216,yes,no,255,6,-1,0,1,no
40433,38,married,tertiary,1477,no,no,385,3,769,2,1,yes
20776,51,married,tertiary,36,yes,no,535,2,-1,0,1,no
53211,64,married,secondary,1574,no,no,301,3,-1,0,1,yes
52971,34,married,secondary,133,no,no,401,2,187,5,1,yes
83103,29,married,tertiary,465,yes,no,191,1,-1,0,1,no
29989,26,single,tertiary,10086,no,no,475,3,78,2,1,no
9544,44,single,secondary,34,yes,no,404,4,-1,0,1,no
23478,30,single,tertiary,1271,yes,no,303,5,-1,0,1,no
87557,34,single,tertiary,-362,yes,yes,7,6,-1,0,1,no
68838,52,married,unknown,0,yes,no,1486,1,-1,0,1,yes
8848,48,married,tertiary,1571,yes,no,104,3,-1,0,1,no
21831,39,single,secondary,709,yes,no,441,1,-1,0,1,no
82041,55,married,primary,396,no,no,74,2,-1,0,1,no
4043,35,married,secondary,154,yes,no,211,4,-1,0,1,no
6546,44,divorced,tertiary,4,yes,no,312,3,-1,0,1,no
51679,78,married,primary,2735,no,no,418,2,-1,0,1,no
11418,41,married,secondary,5110,yes,no,231,1,-1,0,1,no
4341,71,married,tertiary,383,no,no,388,3,-1,0,1,yes
55752,28,single,secondary,1055,no,no,196,1,-1,0,1,no
60225,44,married,secondary,32,no,yes,241,3,-1,0,1,no
38039,48,married,primary,1910,yes,no,413,2,-1,0,1,no
25021,29,single,tertiary,9407,no,no,267,6,-1,0,1,yes
31835,60,divorced,tertiary,662,no,no,241,4,-1,0,1,no
51926,40,married,secondary,6536,no,no,647,1,-1,0,1,no
5290,35,single,tertiary,670,no,no,278,4,182,2,1,yes
49520,46,married,primary,328,yes,no,526,8,-1,0,1,no
35402,29,married,primary,248,yes,no,113,1,-1,0,1,no
99424,52,married,primary,911,no,no,29,2,-1,0,1,no
67208,40,married,secondary,1819,no,no,398,2,-1,0,1,no
35831,53,married,tertiary,1102,no,no,78,1,-1,0,1,no
61678,58,married,secondary,5087,no,no,135,1,-1,0,1,no
61281,36,married,tertiary,2012,no,no,188,7,-1,0,1,no
63124,30,married,secondary,5,no,no,840,3,-1,0,1,yes
16630,57,married,tertiary,830,yes,yes,662,1,367,1,1,yes
93844,35,married,secondary,2779,no,no,182,2,186,2,1,yes
75766,57,married,secondary,1113,no,no,264,20,-1,0,1,no
39195,28,married,secondary,17,yes,no,269,1,-1,0,1,no
65301,28,married,secondary,6,yes,no,254,1,-1,0,1,no
48578,33,married,secondary,353,yes,no,107,2,-1,0,1,no
39464,50,married,secondary,4117,no,no,530,1,-1,0,1,yes
94387,52,divorced,primary,-644,no,no,119,3,-1,0,1,no
65157,51,married,tertiary,746,no,no,372,5,-1,0,1,yes
94036,34,married,tertiary,1778,no,no,358,1,162,2,1,yes
20449,30,single,tertiary,3410,yes,no,140,1,-1,0,1,no
74495,53,married,tertiary,3634,no,no,211,4,88,8,1,yes
90274,21,single,unknown,-28,yes,no,125,1,-1,0,1,no
34821,48,married,tertiary,2460,no,no,106,11,-1,0,1,no
82899,44,married,primary,1147,yes,no,23,1,-1,0,1,no
33366,29,single,tertiary,13,yes,no,26,6,-1,0,1,no
35974,40,married,primary,72,yes,yes,849,1,-1,0,1,yes
88166,42,married,secondary,1865,yes,no,164,1,-1,0,1,no
96396,45,married,primary,408,no,no,253,2,-1,0,1,no
38160,34,married,secondary,187,yes,no,379,2,-1,0,1,no
94158,28,married,secondary,143,yes,no,44,13,-1,0,1,no
80143,40,married,primary,210,yes,no,22,4,-1,0,1,no
22268,47,married,secondary,5041,no,no,184,1,-1,0,1,no
81444,29,single,tertiary,80,yes,no,15,5,361,1,1,no
76224,57,married,secondary,1230,no,no,78,4,-1,0,1,no
35646,51,married,primary,565,yes,yes,157,7,250,3,1,no
91589,57,married,secondary,919,yes,yes,408,2,-1,0,1,no
2288,57,married,primary,4,no,no,50,5,-1,0,1,no
29266,40,married,secondary,1074,yes,no,90,2,-1,0,1,no
91683,39,married,primary,562,no,no,234,2,-1,0,1,no
49713,25,married,secondary,1782,yes,no,549,1,-1,0,1,no
46581,32,single,secondary,199,yes,no,70,1,336,1,1,no
254,42,married,tertiary,9916,yes,no,306,1,-1,0,1,no
73483,44,married,primary,1880,yes,no,34,1,124,6,1,no
24418,56,married,unknown,0,no,no,83,2,-1,0,1,no
35290,30,single,tertiary,136,yes,yes,208,5,-1,0,1,no
76811,42,divorced,tertiary,266,no,yes,228,1,-1,0,1,no
49771,34,married,secondary,-58,yes,yes,157,2,-1,0,1,no
65577,30,married,tertiary,101,yes,no,88,1,-1,0,1,no
58465,33,married,tertiary,418,yes,no,159,1,-1,0,1,no
37435,42,married,secondary,8036,no,no,948,5,-1,0,1,no
9226,46,married,primary,327,no,yes,145,4,-1,0,1,no
34564,48,divorced,tertiary,3520,yes,no,73,4,-1,0,1,no
24186,30,single,primary,4009,yes,no,260,4,-1,0,1,no
4836,38,married,tertiary,-498,no,no,85,6,-1,0,1,no
18952,40,married,secondary,0,yes,no,225,1,-1,0,1,no
3924,42,divorced,secondary,117,yes,no,105,1,-1,0,1,no
12681,55,married,tertiary,46,no,no,59,4,-1,0,1,no
97150,35,married,secondary,262,no,no,427,1,181,3,1,yes
21974,0,married,secondary,2054,yes,no,447,1,-1,0,1,no
43539,48,divorced,primary,432,yes,no,152,2,-1,0,1,no
75377,27,single,primary,540,no,no,115,1,-1,0,1,no
17853,48,married,secondary,238,yes,yes,118,2,81,1,1,no
88509,32,married,primary,289,yes,no,23,4,-1,0,1,no
21558,37,married,tertiary,16,no,no,280,1,-1,0,1,no
42047,43,divorced,secondary,1612,no,no,119,2,95,3,1,no
48647,31,married,secondary,3584,yes,yes,467,1,-1,0,1,no
87645,27,single,secondary,63,no,no,98,1,-1,0,1,no
41588,42,divorced,secondary,47,yes,yes,141,1,-1,0,1,no
73159,46,married,secondary,3,yes,yes,614,3,-1,0,1,yes
29859,41,married,secondary,7870,yes,no,48,2,-1,0,1,no
36694,40,divorced,secondary,-81,no,yes,186,1,-1,0,1,no
78668,30,married,secondary,419,yes,no,390,1,-1,0,1,no
59480,39,married,tertiary,3,yes,no,1145,1,170,1,1,no
63955,44,married,tertiary,13853,yes,no,1329,3,-1,0,1,no
84401,30,single,secondary,1282,yes,no,346,3,356,2,1,no
3672,28,married,secondary,957,yes,yes,646,3,-1,0,1,no
8358,38,divorced,secondary,410,no,no,63,6,-1,0,1,no
59103,56,divorced,secondary,0,no,no,103,1,-1,0,1,no
13348,45,single,secondary,-688,no,yes,106,1,-1,0,1,no
29499,54,married,tertiary,384,yes,no,30,7,-1,0,1,no
72542,40,married,secondary,4259,no,no,454,4,-1,0,1,no
2935,30,single,secondary,1309,no,no,622,1,-1,0,1,yes
40501,48,married,secondary,2088,no,yes,93,1,-1,0,1,no
2865,35,married,secondary,1397,yes,no,114,4,-1,0,1,no
19643,32,single,tertiary,202,no,no,16,5,-1,0,1,no
25408,48,married,secondary,817,no,no,517,1,282,4,1,yes
64250,43,single,tertiary,1696,yes,no,257,1,474,3,1,yes
46925,41,married,secondary,442,yes,yes,261,3,322,1,1,no
92523,32,single,secondary,2326,yes,no,62,3,-1,0,1,no
81535,51,married,primary,362,yes,no,108,4,272,2,1,no
77958,32,divorced,tertiary,1145,yes,no,580,1,350,4,1,no
82081,60,married,primary,3230,no,no,281,4,-1,0,1,no
59152,27,married,secondary,3415,no,no,266,3,184,1,1,yes
57929,41,divorced,tertiary,1757,no,no,515,13,-1,0,1,no
94224,60,married,primary,130,no,no,374,2,-1,0,1,no
68139,30,married,secondary,1013,yes,no,24,9,-1,0,1,no
8198,31,single,secondary,1014,yes,no,158,4,-1,0,1,no
83406,38,divorced,secondary,889,no,yes,362,1,-1,0,1,no
53546,46,married,unknown,76,no,no,181,2,-1,0,1,no
9270,46,married,secondary,1804,no,no,80,2,-1,0,1,no
21129,45,married,primary,456,yes,no,255,1,-1,0,1,no
32023,30,married,secondary,357,yes,no,659,4,-1,0,1,no
59818,31,single,tertiary,387,no,no,149,1,-1,0,1,no
38325,54,married,tertiary,1460,no,yes,341,3,202,7,1,no
43357,51,married,tertiary,5254,yes,no,134,1,-1,0,1,yes
41527,52,married,tertiary,575,no,no,315,1,-1,0,1,no
26501,53,divorced,primary,-17,yes,yes,508,1,-1,0,1,no
11483,41,married,secondary,1822,no,yes,391,1,-1,0,1,no
72451,75,married,secondary,468,no,no,316,1,-1,0,1,no
90238,52,married,primary,142,no,no,924,5,-1,0,1,no
58839,41,married,secondary,2959,yes,no,110,1,-1,0,1,no
70394,41,married,secondary,-217,yes,no,313,1,349,3,1,no
57055,29,single,secondary,460,yes,no,191,2,357,6,1,no
1346,33,divorced,secondary,385,no,no,29,28,-1,0,1,no
55325,42,married,secondary,-43,yes,yes,363,3,-1,0,1,no
21298,31,married,tertiary,-253,no,no,220,4,-1,0,1,no
68051,30,married,secondary,5143,yes,yes,236,2,-1,0,1,no
83350,32,married,tertiary,6138,no,no,211,2,196,7,1,no
47718,42,married,secondary,641,no,no,111,1,1,1,1,no
13026,33,married,secondary,48,yes,no,164,5,294,3,1,no
62115,57,married,secondary,32,yes,no,476,3,-1,0,1,no
32398,26,single,tertiary,521,no,no,123,3,-1,0,1,no
28388,50,single,secondary,2668,no,no,1606,1,-1,0,1,no
44786,44,married,secondary,72,yes,no,456,1,-1,0,1,no
5578,33,married,tertiary,210,yes,no,84,1,167,1,1,no
58180,83,married,primary,425,no,no,912,1,-1,0,1,no
24954,35,married,secondary,80,yes,yes,579,2,-1,0,1,no
63378,34,single,unknown,5827,no,no,97,2,-1,0,1,no
72612,26,single,tertiary,6,yes,no,171,1,-1,0,1,no
77590,62,married,tertiary,557,no,no,185,1,-1,0,1,yes
10199,39,single,secondary,2645,yes,no,339,3,-1,0,1,no
51216,49,single,secondary,5802,no,no,618,2,-1,0,1,yes
48251,38,divorced,tertiary,82,no,no,38,13,-1,0,1,no
34258,38,married,tertiary,76,yes,no,196,3,-1,0,1,no
7013,35,married,secondary,126,yes,no,472,1,-1,0,1,no
46323,41,single,unknown,2701,yes,no,278,4,-1,0,1,no
30922,37,married,tertiary,6815,yes,no,92,2,172,2,1,no
70284,25,single,tertiary,1954,yes,yes,66,1,351,1,1,no
842,47,married,tertiary,260,no,yes,138,2,-1,0,1,no
58859,49,married,secondary,90,yes,no,127,1,-1,0,1,no
93736,38,married,secondary,2342,no,no,136,2,-1,0,1,no
70783,31,single,secondary,430,no,no,129,4,-1,0,1,no
14268,47,married,tertiary,362,yes,no,97,5,-1,0,1,no
99878,46,married,secondary,5169,no,no,72,14,-1,0,1,no
29645,58,married,tertiary,289,no,no,182,2,-1,0,1,no
29920,23,single,tertiary,691,no,no,1178,1,178,6,1,yes
67340,42,married,primary,1547,yes,yes,272,3,-1,0,1,no
20424,37,married,secondary,749,no,no,219,1,-1,0,1,no
48357,41,married,tertiary,1517,no,no,193,3,-1,0,1,yes
20688,32,single,tertiary,1012,no,no,178,1,-1,0,1,no
174,32,single,tertiary,611,yes,yes,353,1,-1,0,1,no
65702,60,single,primary,11262,no,no,323,1,-1,0,1,yes
11410,45,married,secondary,1477,yes,no,75,1,132,1,1,no
47176,77,married,tertiary,5619,no,no,189,1,-1,0,1,no
83558,63,married,secondary,1612,no,no,233,2,-1,0,1,yes
88461,56,married,tertiary,478,no,no,97,1,-1,0,1,no
62654,34,married,secondary,190,yes,no,121,3,-1,0,1,no
72440,36,single,secondary,1822,yes,no,952,1,323,1,1,yes
48869,39,married,secondary,694,yes,no,413,5,-1,0,1,no
98600,38,married,secondary,-673,yes,no,364,1,-1,0,1,no
51385,28,single,secondary,260,yes,no,374,2,-1,0,1,no
34845,35,single,tertiary,2928,yes,no,54,1,-1,0,1,no
64468,25,single,secondary,2354,no,no,149,1,84,7,1,no
80006,55,married,secondary,34,yes,yes,97,3,-1,0,1,no
95754,61,married,secondary,3340,no,no,224,1,-1,0,1,no
169,41,married,secondary,6687,yes,no,91,3,-1,0,1,no
54775,37,married,tertiary,0,no,no,112,4,-1,0,1,no
89722,30,single,secondary,178,yes,no,747,5,-1,0,1,no
93582,48,married,unknown,1103,yes,no,52,1,-1,0,1,no
94883,36,married,secondary,154,yes,no,231,1,96,2,1,no
35952,40,single,secondary,3,yes,yes,154,1,305,9,1,no
55497,32,single,secondary,2696,yes,no,564,2,183,1,1,no
53597,55,single,secondary,1539,no,no,65,2,-1,0,1,no
90158,57,married,primary,0,yes,no,62,2,273,2,1,no
15879,38,single,tertiary,493,yes,no,553,1,367,7,1,no
40544,58,married,secondary,-382,no,no,398,4,189,12,1,no
73186,63,divorced,secondary,859,no,no,92,1,-1,0,1,no
11214,28,single,secondary,26,yes,no,227,2,-1,0,1,no
48550,46,single,tertiary,2904,yes,no,984,2,-1,0,1,yes
13857,33,married,secondary,-124,no,no,150,2,325,1,1,no
79908,31,single,tertiary,220,yes,no,257,2,184,2,1,no
67970,47,married,secondary,2892,no,no,556,1,-1,0,1,yes
65920,33,single,secondary,48,yes,no,303,1,-1,0,1,no
66326,41,married,tertiary,585,yes,no,60,1,-1,0,1,no
47524,32,divorced,secondary,453,yes,no,329,1,150,2,1,no
53692,32,married,secondary,-220,yes,yes,123,2,-1,0,1,no
20104,26,single,secondary,-128,no,yes,392,2,-1,0,1,no
83931,27,single,secondary,1110,yes,yes,25,36,-1,0,1,no
43450,38,single,tertiary,560,no,no,316,1,-1,0,1,no
30924,29,married,secondary,823,yes,no,14,2,-1,0,1,no
27153,55,married,secondary,445,no,no,99,2,-1,0,1,no
15336,38,married,secondary,1731,yes,yes,162,2,350,4,1,no
35575,46,divorced,tertiary,8017,yes,yes,169,2,-1,0,1,no
55067,42,married,secondary,215,yes,yes,158,1,-1,0,1,no
46390,39,married,secondary,1751,no,no,178,2,-1,0,1,no
33854,45,married,primary,0,no,yes,74,2,-1,0,1,no
37247,38,divorced,tertiary,10638,no,no,159,2,-1,0,1,no
5885,34,married,secondary,295,yes,yes,64,1,-1,0,1,no
60951,36,single,tertiary,188,no,no,55,2,-1,0,1,no
72714,48,single,primary,755,yes,no,65,2,-1,0,1,no
21269,26,single,secondary,352,no,no,202,2,-1,0,1,no
37831,28,married,secondary,1119,yes,no,74,1,-1,0,1,no
12066,35,married,secondary,978,no,no,660,2,182,6,1,yes
92156,39,married,primary,2133,yes,yes,179,1,-1,0,1,no
83932,43,married,tertiary,4923,yes,no,1102,1,-1,0,1,no
42876,39,married,secondary,281,no,no,78,7,-1,0,1,no
60333,39,married,primary,766,yes,no,350,3,-2,0,1,no
17712,42,single,secondary,0,no,no,656,2,-1,0,1,no
16799,40,divorced,secondary,348,yes,no,142,2,-1,0,1,no
93592,37,single,tertiary,6101,no,no,141,1,-1,0,1,yes
75846,41,divorced,tertiary,902,yes,no,134,1,-1,0,1,no
69959,36,married,secondary,2278,yes,no,200,3,298,1,1,no
95376,37,married,secondary,647,yes,no,41,1,-1,0,1,no
88643,34,single,tertiary,625,no,yes,34,1,-1,0,1,yes
85942,37,married,tertiary,5106,no,no,244,1,-1,0,1,yes
52971,34,married,secondary,133,no,no,401,2,187,5,1,yes
98472,53,divorced,secondary,519,yes,no,126,1,-1,0,1,no
45642,56,divorced,tertiary,2272,yes,no,263,5,-1,0,1,no
18975,48,married,secondary,3519,no,yes,229,1,60,2,1,no
4453,56,married,secondary,1894,yes,no,189,1,-1,0,1,no
16314,38,married,secondary,205,yes,no,170,1,-1,0,1,no
96436,35,divorced,secondary,-504,no,no,228,1,-1,0,1,no
18509,41,married,secondary,429,yes,no,244,1,-1,0,1,no
31765,55,married,secondary,994,no,no,490,2,-1,0,1,no
13093,55,married,tertiary,2,no,yes,126,2,-1,0,1,no
73707,33,married,secondary,7048,yes,no,71,2,-1,0,1,no
92488,30,married,secondary,194,yes,no,475,3,-1,0,1,no
58682,45,married,tertiary,2476,no,no,239,2,-1,0,1,no
98822,32,married,tertiary,1086,no,no,379,3,-1,0,1,no
22506,35,single,primary,258,yes,no,144,1,-1,0,1,no
81899,36,single,secondary,12264,no,no,285,1,182,2,1,yes
21279,41,single,tertiary,-89,yes,no,195,4,251,4,1,no
18111,39,married,primary,2805,yes,no,102,23,-1,0,1,no
21518,30,single,tertiary,780,yes,no,339,2,-1,0,1,no
2556,28,single,unknown,448,yes,no,307,1,-1,0,1,no
93006,33,single,tertiary,224,no,no,409,2,92,4,1,yes
93109,49,married,secondary,322,no,no,356,2,-1,0,1,no
8220,36,married,secondary,96,no,no,302,1,-1,0,1,yes
16614,33,single,secondary,5235,no,no,67,3,-1,0,1,no
91241,42,married,primary,15,yes,no,230,1,-1,0,1,no
52315,30,married,secondary,1589,yes,no,51,4,-1,0,1,no
61887,51,married,secondary,-491,yes,yes,805,2,-1,0,1,no
45591,45,married,secondary,434,no,no,76,4,-1,0,1,no
15052,25,married,secondary,4063,yes,no,64,1,-1,0,1,no
9420,37,single,tertiary,6101,no,no,60,5,87,1,1,no
36837,59,married,tertiary,3421,no,no,121,5,-1,0,1,no
20993,30,single,tertiary,106,yes,no,119,3,-1,0,1,no
21291,34,divorced,secondary,661,yes,no,122,1,96,9,1,no
26306,31,single,unknown,461,yes,no,462,1,-1,0,1,no
36671,34,single,secondary,1866,no,no,134,3,185,1,1,no
17680,39,married,secondary,0,yes,no,63,3,-1,0,1,no
68247,43,married,secondary,3529,no,no,169,2,-1,0,1,no
28401,30,single,tertiary,726,no,no,103,1,-1,0,1,no
17131,39,single,tertiary,1107,yes,no,407,4,-1,0,1,no
83923,26,single,tertiary,12,no,no,563,1,181,10,1,yes
83786,25,married,primary,669,yes,no,367,2,-1,0,1,no
9205,37,single,tertiary,1379,yes,no,319,3,-1,0,1,no
12820,28,single,tertiary,21,yes,no,219,3,-1,0,1,no
10068,36,single,secondary,755,no,no,355,1,-1,0,1,no
65065,31,single,secondary,90,no,yes,35,1,-1,0,1,no
57206,51,married,unknown,2642,no,no,52,6,-1,0,1,no
93113,43,divorced,secondary,130,yes,no,63,3,-1,0,1,no
86960,48,single,primary,396,yes,no,194,3,-1,0,1,no
53572,53,single,tertiary,757,yes,no,122,2,-1,0,1,no
14748,52,married,secondary,0,no,no,351,5,-1,0,1,no
90119,45,married,secondary,351,yes,no,18,2,-1,0,1,no
9661,30,single,tertiary,1571,no,no,996,2,-1,0,1,no
42807,49,married,tertiary,1808,yes,no,205,1,95,1,1,yes
78178,56,divorced,primary,0,no,no,27,1,-1,0,1,no
93744,35,divorced,secondary,3443,no,no,409,4,-1,0,1,no
78280,30,single,secondary,60,no,no,55,2,-1,0,1,no
76967,49,married,secondary,2631,yes,no,76,2,-1,0,1,no
11320,32,single,secondary,-83,yes,no,116,3,-1,0,1,no
74834,35,married,secondary,977,yes,no,52,4,91,1,1,no
14612,48,married,secondary,-440,yes,yes,399,1,-1,0,1,no
72578,57,married,secondary,162,yes,no,174,1,-1,0,1,no
20274,48,single,primary,46,no,no,113,2,180,1,1,yes
79553,46,married,secondary,89,yes,no,479,2,-1,0,1,no
33037,24,married,secondary,0,yes,no,284,1,-1,0,1,no
47552,44,married,secondary,3843,yes,no,70,1,150,2,1,no
40652,37,married,tertiary,1315,no,no,224,1,-1,0,1,yes
73281,60,married,secondary,1541,no,no,90,3,-1,0,1,no
750,43,married,tertiary,291,yes,no,150,2,-1,0,1,no
75325,42,married,primary,-209,no,yes,90,2,-1,0,1,no
9467,60,divorced,secondary,545,yes,no,1030,1,-1,0,1,yes
7161,49,divorced,tertiary,0,yes,no,32,2,-1,0,1,no
87619,40,married,secondary,79,yes,no,223,3,-1,0,1,no
64215,26,single,secondary,81,no,yes,604,1,-1,0,1,no
34473,35,divorced,secondary,89,no,no,203,28,-1,0,1,no
96727,40,married,secondary,-342,yes,no,754,1,-1,0,1,no
2671,29,married,secondary,15,no,no,136,1,-1,0,1,no
1128,48,divorced,tertiary,1401,yes,no,72,3,-1,0,1,no
12682,34,married,tertiary,-28,yes,no,574,1,-1,0,1,no
46782,29,married,tertiary,55,yes,no,235,1,-1,0,1,no
74031,50,married,unknown,-84,yes,no,101,1,-1,0,1,no
70604,40,married,tertiary,832,yes,yes,126,1,-1,0,1,no
40032,47,married,secondary,356,no,no,44,5,-1,0,1,no
32986,47,married,primary,1803,yes,yes,82,7,-1,0,1,no
1680,22,single,secondary,0,yes,no,179,2,-1,0,1,no
48149,28,single,secondary,87,yes,no,27,1,345,1,1,no
77789,57,married,secondary,0,yes,yes,200,2,-1,0,1,no
89158,35,married,tertiary,750,yes,no,233,12,-1,0,1,no
84801,42,married,secondary,3052,yes,no,32,1,-1,0,1,no
36292,33,single,tertiary,76,yes,no,256,3,-1,0,1,no
22069,33,married,secondary,89,no,no,524,3,-1,0,1,no
69908,35,married,tertiary,436,no,yes,507,1,184,4,1,no
15471,48,married,secondary,454,yes,no,114,1,-1,0,1,no
30453,34,single,tertiary,449,no,no,765,3,-1,0,1,no
72198,31,single,secondary,92,yes,no,401,2,-1,0,1,no
82718,42,divorced,secondary,-106,yes,no,95,1,-1,0,1,no
56917,42,divorced,secondary,31,no,no,120,1,-1,0,1,no
65359,30,married,secondary,3,no,no,42,2,297,1,1,no
83668,66,married,tertiary,525,no,no,287,1,-1,0,1,no
34552,27,married,tertiary,59,no,no,306,6,-1,0,1,no
34348,47,divorced,secondary,829,no,yes,466,2,-1,0,1,no
45487,28,married,secondary,86,yes,yes,918,1,-1,0,1,no
24626,25,married,secondary,894,yes,no,328,1,-1,0,1,no
46538,41,divorced,tertiary,2611,yes,no,129,1,314,2,1,no
89990,24,married,primary,456,no,no,337,2,-1,0,1,no
75051,41,married,primary,449,yes,no,10,6,-1,0,1,no
58974,28,married,secondary,61,yes,no,253,1,174,4,1,yes
4595,30,single,secondary,175,no,no,167,4,-1,0,1,no
40004,42,married,primary,7041,yes,no,386,4,-1,0,1,no
60413,26,single,tertiary,47,no,yes,257,2,-1,0,1,no
32222,56,married,primary,-24,yes,no,305,3,-1,0,1,no
25421,49,married,primary,2316,no,no,35,4,-1,0,1,no
35181,46,married,secondary,1590,yes,no,59,2,-1,0,1,no
65512,34,single,secondary,557,no,no,224,1,-1,0,1,yes
24550,27,single,secondary,4,yes,no,153,2,-1,0,1,no
49370,33,married,tertiary,483,yes,no,738,2,-1,0,1,no
21298,31,married,tertiary,-253,no,no,220,4,-1,0,1,no
57875,46,married,unknown,1481,yes,no,49,3,-1,0,1,no
80317,36,married,secondary,-173,yes,no,197,3,-1,0,1,no
33471,42,married,primary,969,yes,no,721,1,-1,0,1,no
2332,56,married,secondary,58932,no,no,339,2,-1,0,1,no
62925,28,single,tertiary,102,no,no,321,2,-1,0,1,no
72155,58,married,tertiary,0,no,no,138,2,-1,0,1,no
49383,34,married,tertiary,179,yes,no,184,1,-1,0,1,no
90274,21,single,unknown,-28,yes,no,125,1,-1,0,1,no
93993,60,married,secondary,358,no,no,74,2,-1,0,1,no
32518,35,married,secondary,274,yes,yes,205,1,-1,0,1,no
93005,28,single,secondary,1347,no,no,317,2,108,14,1,no
87590,53,married,secondary,4968,no,no,109,1,87,2,1,no
17240,30,married,tertiary,0,no,no,111,5,-1,0,1,no
98756,42,married,tertiary,257,no,yes,340,2,-1,0,1,no
8600,23,single,secondary,0,no,no,526,1,-1,0,1,no
78131,31,single,secondary,2,no,no,65,4,-1,0,1,no
60132,58,married,primary,879,yes,no,242,7,-1,0,1,no
93559,45,married,secondary,251,yes,no,304,2,259,2,1,no
26241,26,single,tertiary,2,no,no,120,2,-1,0,1,no
26432,48,married,secondary,127,no,no,117,1,-1,0,1,no
53980,44,divorced,secondary,2108,yes,no,152,2,369,1,1,no
48037,55,married,secondary,284,yes,yes,157,3,-1,0,1,no
28798,46,married,tertiary,0,no,no,83,4,-1,0,1,no
16809,32,married,primary,309,yes,no,185,1,370,3,1,no
82227,33,married,tertiary,114,yes,yes,207,9,-1,0,1,no
71661,33,divorced,secondary,2358,yes,no,529,3,-1,0,1,no
11636,35,single,tertiary,474,yes,yes,372,1,-1,0,1,no
65807,31,single,secondary,350,yes,no,383,5,-1,0,1,no
60906,25,single,secondary,-247,yes,no,633,1,-1,0,1,yes
25692,28,married,secondary,455,no,no,286,1,-1,0,1,no
29326,41,married,secondary,65,no,no,157,1,-1,0,1,no
10185,33,single,tertiary,2024,no,no,109,2,-1,0,1,no
93053,39,married,secondary,2266,no,no,208,4,-1,0,1,yes
32392,52,married,secondary,3034,no,no,206,2,-1,0,1,no
28049,52,married,secondary,3241,yes,no,105,1,-1,0,1,no
79163,40,divorced,tertiary,37,yes,no,412,1,-1,0,1,no
65080,25,single,secondary,722,yes,no,172,1,-1,0,1,no
48380,55,married,tertiary,0,no,no,116,1,-1,0,1,no
82584,30,married,secondary,0,no,no,93,3,-1,0,1,no
57118,29,married,secondary,714,yes,yes,482,2,-1,0,1,yes
83790,57,divorced,tertiary,442,no,no,41,1,253,3,1,no
34455,57,single,secondary,1430,yes,no,666,5,-1,0,1,no
19314,40,married,tertiary,0,no,no,952,4,-1,0,1,yes
41739,46,divorced,secondary,5,yes,yes,305,2,-1,0,1,no
12106,44,married,secondary,2403,yes,no,180,2,-1,0,1,no
39379,33,single,secondary,2466,yes,no,132,2,-1,0,1,no
31192,33,married,secondary,-253,yes,no,89,3,-1,0,1,no
55336,41,married,tertiary,1409,no,no,138,1,-1,0,1,no
62292,32,married,tertiary,281,yes,no,226,1,-1,0,1,no
35379,46,divorced,secondary,348,yes,no,323,1,-1,0,1,no
54843,46,divorced,secondary,0,no,no,1023,3,-1,0,1,yes
7011,33,married,tertiary,NA,yes,no,381,1,243,4,1,no
14679,40,married,secondary,0,no,no,55,6,-1,0,1,no
12787,37,single,tertiary,553,no,no,63,2,-1,0,1,no
81071,42,married,primary,0,no,no,397,1,-1,0,1,no
30152,33,married,tertiary,340,no,no,402,2,-1,0,1,no
42632,30,single,secondary,516,yes,no,66,2,-1,0,1,no
50318,52,single,tertiary,3469,yes,no,653,1,-1,0,1,yes
19989,46,married,unknown,-1092,yes,no,75,5,-1,0,1,no
24323,50,married,secondary,20,yes,no,95,1,-1,0,1,no
34299,32,married,secondary,112,yes,no,311,1,321,1,1,no
67905,38,married,secondary,-140,no,no,456,3,-1,0,1,no
23023,49,married,primary,3652,yes,yes,568,1,285,2,1,no
74127,33,married,unknown,695,yes,yes,148,1,-1,0,1,no
45380,29,single,secondary,163,yes,yes,803,1,-1,0,1,yes
94264,44,married,tertiary,474,yes,yes,183,4,-1,0,1,no
51525,38,single,secondary,864,yes,no,364,1,348,1,1,no
83700,36,married,secondary,79,yes,no,275,2,-1,0,1,no
87743,58,married,tertiary,16264,no,no,215,3,-1,0,1,no
92752,28,single,secondary,-260,yes,no,170,2,-1,0,1,no
38952,33,single,secondary,136,yes,no,30,2,336,13,1,no
66876,39,married,primary,551,no,yes,107,5,-1,0,1,no
99401,28,single,secondary,781,yes,no,52,1,-1,0,1,no
13013,31,single,secondary,183,yes,no,258,1,300,1,1,no
81753,46,married,secondary,2148,no,no,176,4,-1,0,1,no
27351,39,married,secondary,5562,no,no,149,3,-1,0,1,no
94158,28,married,secondary,143,yes,no,44,13,-1,0,1,no
14652,24,single,secondary,1690,yes,yes,543,3,350,3,1,no
66409,27,single,secondary,504,yes,no,106,5,362,8,1,no
5747,34,single,tertiary,1049,yes,no,55,1,-1,0,1,no
54485,24,single,secondary,-122,yes,no,1000,1,-1,0,1,yes
88784,32,single,tertiary,27,no,no,146,3,-1,0,1,no
89682,36,married,secondary,70,yes,no,100,2,-1,0,1,no
19667,38,single,tertiary,11971,yes,no,327,3,-1,0,1,no
89063,39,married,secondary,145,yes,yes,337,3,330,6,1,no
89710,30,married,tertiary,319,yes,yes,91,2,-1,0,1,no
9149,44,single,secondary,7138,no,no,809,2,-1,0,1,yes
39185,45,married,tertiary,0,no,no,103,2,-1,0,1,no
82328,65,divorced,tertiary,0,no,no,248,1,-1,0,1,no
84784,31,married,secondary,-641,yes,yes,296,2,-1,0,1,no
25872,63,married,primary,12067,no,no,660,1,191,1,1,yes
62466,29,married,secondary,1661,yes,no,123,2,-1,0,1,no
97818,38,married,primary,2366,yes,no,97,4,-1,0,1,no
90574,39,single,secondary,782,yes,no,162,3,-1,0,1,no
8866,46,divorced,secondary,-154,yes,no,215,2,294,1,1,no
65577,30,married,tertiary,101,yes,no,88,1,-1,0,1,no
5837,25,single,secondary,7103,yes,no,287,1,-1,0,1,no
14247,30,single,tertiary,5288,yes,no,288,3,-1,0,1,no
37939,47,married,secondary,310,yes,no,145,3,-1,0,1,no
44550,37,married,primary,403,yes,no,318,2,338,1,1,no
36836,27,married,secondary,2329,no,no,131,1,-1,0,1,yes
95388,48,married,tertiary,3766,no,no,206,2,-1,0,1,no
57637,45,married,primary,658,yes,no,406,3,270,2,1,no
43614,41,married,tertiary,1408,no,no,403,3,-1,0,1,no
8248,40,married,secondary,192,yes,yes,16,8,351,5,1,no
35920,50,married,secondary,326,yes,no,124,1,369,2,1,no
79734,25,single,secondary,381,yes,no,951,1,-1,0,1,no
6950,41,single,secondary,3023,no,no,616,3,-1,0,1,no
93243,39,divorced,secondary,127,no,no,150,2,-1,0,1,no
48906,57,married,tertiary,10583,no,no,272,1,178,6,1,yes
84051,45,single,tertiary,2571,yes,no,54,1,-1,0,1,no
92123,57,divorced,primary,362,no,no,187,1,-1,0,1,no
18332,42,divorced,secondary,83,no,no,300,5,358,6,1,no
3744,35,married,tertiary,-272,no,yes,309,1,197,13,1,no
72589,49,single,secondary,1245,no,no,115,2,198,2,1,no
5086,57,single,unknown,5368,yes,no,585,1,-1,0,1,no
77525,33,married,secondary,93,no,no,211,5,-1,0,1,no
52009,23,single,secondary,105,yes,yes,305,2,-1,0,1,no
36845,46,married,tertiary,917,no,no,389,5,-1,0,1,no
95149,29,married,tertiary,167,yes,yes,357,2,237,2,1,no
13783,28,single,secondary,404,no,yes,188,1,-1,0,1,no
13233,25,single,secondary,0,yes,no,244,2,-1,0,1,no
64336,25,single,tertiary,453,yes,no,134,1,-1,0,1,no
70421,32,married,tertiary,514,yes,no,497,2,-1,0,1,no
22250,55,married,secondary,1569,yes,no,156,4,-1,0,1,no
5555,43,married,primary,-124,yes,no,47,5,-1,0,1,no
67895,52,married,secondary,9,no,yes,44,1,-1,0,1,no
89157,53,married,primary,574,yes,no,121,2,-1,0,1,no
78756,35,married,secondary,159,yes,no,259,2,262,1,1,no
53483,35,single,tertiary,687,yes,no,166,2,-1,0,1,no
46470,38,married,unknown,499,no,no,240,6,-1,0,1,no
45208,30,single,tertiary,1622,no,no,242,1,-1,0,1,no
20753,33,married,secondary,34,yes,yes,161,1,-1,0,1,no
72708,50,married,primary,167,no,no,189,1,-1,0,1,no
3140,39,divorced,secondary,0,no,no,35,6,-1,0,1,no
94946,19,single,primary,0,no,no,72,4,-1,0,1,no
14015,48,married,secondary,426,yes,yes,186,2,-1,0,1,no
32723,50,married,tertiary,202,yes,no,107,1,148,4,1,no
39783,30,married,secondary,1534,yes,yes,243,1,-1,0,1,no
9808,38,married,secondary,-242,yes,yes,236,2,-1,0,1,no
65427,52,married,secondary,266,yes,no,87,2,299,3,1,no
26068,34,single,tertiary,2521,no,no,73,2,-1,0,1,no
28424,30,married,tertiary,-256,yes,no,51,5,-1,0,1,no
94031,30,single,secondary,223,yes,no,862,11,-1,0,1,yes
40060,39,married,primary,1373,yes,no,81,5,-1,0,1,no
97547,47,married,secondary,-107,no,no,236,2,-1,0,1,no
96295,46,married,primary,5393,yes,no,997,2,-1,0,1,no
56977,53,single,secondary,198,yes,yes,521,2,-1,0,1,no
31803,33,single,secondary,687,yes,no,174,1,-1,0,1,no
97986,37,married,primary,3517,yes,no,445,1,-1,0,1,no
84069,38,married,tertiary,2548,yes,no,60,1,-1,0,1,no
3053,28,married,primary,0,yes,no,129,2,-1,0,1,no
70229,37,married,tertiary,264,yes,yes,276,1,157,1,1,no
5253,31,married,secondary,1570,yes,yes,133,2,180,1,1,no
30754,35,married,tertiary,86,yes,no,144,3,-1,0,1,no
16143,38,married,secondary,0,yes,no,210,1,92,3,1,yes
27760,55,divorced,tertiary,1598,no,no,607,4,-1,0,1,no
82874,34,married,secondary,0,yes,yes,175,4,-1,0,1,no
15411,44,married,secondary,2897,no,no,296,1,180,4,1,no
44555,44,divorced,tertiary,0,yes,yes,128,1,-1,0,1,no
90006,37,married,secondary,1345,yes,no,59,2,-1,0,1,no
40553,34,single,tertiary,589,yes,no,44,4,367,1,1,no
92577,30,single,secondary,3809,yes,no,159,4,-1,0,1,no
23564,36,divorced,secondary,437,yes,no,722,2,344,1,1,yes
39536,44,divorced,secondary,-43,yes,yes,206,1,-1,0,1,no
9946,47,married,secondary,344,yes,no,87,1,-1,0,1,no
6200,46,married,secondary,179,yes,no,194,4,436,1,1,no
88733,48,married,secondary,473,no,yes,198,2,-1,0,1,no
85299,56,divorced,secondary,778,yes,no,149,2,-1,0,1,no
97138,37,married,secondary,306,no,no,73,1,-1,0,1,no
64605,43,married,secondary,877,yes,no,135,1,-1,0,1,no
63162,55,married,secondary,1816,no,no,197,1,-1,0,1,no
16097,33,married,secondary,920,no,no,344,1,-1,0,1,yes
80813,35,married,primary,0,no,yes,17,1,-1,0,1,no
45329,36,married,tertiary,4932,yes,no,273,5,-1,0,1,no
23738,31,married,tertiary,4315,yes,no,359,1,-1,0,1,no
79638,48,married,secondary,74,no,yes,315,1,-1,0,1,no
73733,33,married,secondary,0,no,no,128,1,-1,0,1,no
4376,59,married,secondary,561,no,no,323,2,-1,0,1,no
11337,40,married,secondary,877,yes,no,207,6,-1,0,1,no
95478,54,married,secondary,2206,no,no,260,1,91,4,1,yes
71127,42,single,primary,4930,no,no,973,1,-1,0,1,yes
36648,43,divorced,secondary,-287,yes,no,580,4,-1,0,1,no
4035,38,divorced,secondary,1559,yes,no,22,6,179,10,1,no
44342,26,single,tertiary,2722,no,no,206,1,-1,0,1,no
77327,31,single,secondary,538,yes,no,660,3,-1,0,1,no
69359,54,married,tertiary,1014,no,yes,240,1,162,2,1,yes
53168,36,married,primary,409,yes,no,81,3,-1,0,1,no
91028,37,married,secondary,718,no,yes,215,3,-1,0,1,no
96763,29,single,tertiary,218,yes,no,169,1,-1,0,1,no
20430,36,single,secondary,4394,yes,no,114,1,-1,0,1,no
68532,43,married,tertiary,3157,no,no,381,2,330,17,1,no
52777,33,single,secondary,635,no,no,124,1,-1,0,1,no
91119,32,married,unknown,1016,no,no,141,2,-1,0,1,no
57384,49,married,primary,2068,yes,no,45,1,-1,0,1,no
37783,36,married,secondary,1368,no,no,516,1,292,5,1,yes
31358,54,divorced,tertiary,92,no,yes,86,4,-1,0,1,no
86204,47,married,primary,502,yes,no,28,2,-1,0,1,no
49027,54,single,secondary,1178,yes,no,41,6,264,2,1,no
85140,32,single,unknown,2313,yes,no,99,26,-1,0,1,no
90764,44,divorced,secondary,-368,yes,no,895,1,-1,0,1,yes
76787,35,single,primary,3339,yes,no,304,2,-1,0,1,no
43672,32,single,tertiary,61,yes,no,130,3,-1,0,1,no
19876,38,married,secondary,-448,yes,no,929,15,-1,0,1,no
55640,43,divorced,tertiary,3163,yes,no,211,3,-1,0,1,no
98711,34,married,secondary,-257,yes,no,160,1,368,4,1,no
70412,29,married,tertiary,7832,yes,no,304,2,-1,0,1,no
28498,39,married,unknown,378,no,no,17,5,-1,0,1,no
24777,44,married,primary,658,yes,no,236,2,-1,0,1,no
88666,47,married,unknown,1046,no,no,83,1,-1,0,1,no
25494,37,single,tertiary,2441,yes,yes,248,1,-1,0,1,no
44540,42,married,primary,1371,no,no,125,8,-1,0,1,no
9980,55,married,secondary,865,yes,no,85,1,151,1,1,no
18948,42,single,tertiary,0,no,no,129,4,-1,0,1,no
43378,59,divorced,tertiary,258,yes,no,33,1,173,1,1,no
74817,46,married,unknown,0,yes,no,49,1,-1,0,1,no
84875,45,married,secondary,295,yes,no,92,1,-1,0,1,no
5578,33,married,tertiary,210,yes,no,84,1,167,1,1,no
68907,50,married,tertiary,52,no,no,22,8,-1,0,1,no
22921,32,married,secondary,328,yes,no,132,1,-1,0,1,no
95271,31,married,tertiary,1134,no,no,174,2,-1,0,1,no
23555,59,married,secondary,1035,yes,yes,126,2,239,1,1,no
84324,34,married,secondary,165,no,no,99,1,370,1,1,no
45010,43,married,tertiary,136,no,no,120,2,-1,0,1,no
27714,59,divorced,secondary,1,yes,no,602,1,253,5,1,yes
26190,30,single,unknown,0,yes,no,1206,2,-1,0,1,no
5694,48,divorced,secondary,1266,yes,no,45,1,-1,0,1,no
11032,23,single,secondary,85,yes,no,109,2,-1,0,1,no
84617,58,married,primary,0,no,no,176,5,-1,0,1,no
5086,57,single,unknown,5368,yes,no,585,1,-1,0,1,no
80308,40,single,secondary,0,yes,no,350,2,-1,0,1,no
94842,28,single,secondary,1705,no,no,412,2,-1,0,1,yes
15470,51,divorced,secondary,421,yes,no,216,2,-1,0,1,no
29675,34,divorced,secondary,961,no,no,137,2,430,2,1,no
67175,34,divorced,secondary,2551,yes,yes,1408,2,-1,0,1,no
21111,54,married,tertiary,1303,no,no,1635,1,-1,0,1,yes
46763,36,married,secondary,1550,no,no,17,3,-1,0,1,no
40990,36,married,tertiary,1584,yes,no,178,1,-1,0,1,no
20900,30,single,secondary,179,yes,no,286,3,-1,0,1,no
49604,54,married,tertiary,195,no,yes,47,1,265,6,1,no
5416,56,married,primary,9367,no,no,320,2,101,2,1,yes
70431,56,married,primary,17,yes,no,123,4,-1,0,1,no
84145,28,married,secondary,22171,yes,no,85,3,-1,0,1,no
84634,49,married,tertiary,3237,yes,no,232,3,-1,0,1,no
33490,39,married,tertiary,94,no,no,70,2,-1,0,1,no
98164,60,married,tertiary,371,no,yes,102,8,-1,0,1,no
44528,37,married,tertiary,355,no,no,340,1,-1,0,1,no
72249,40,married,secondary,488,yes,no,222,4,-1,0,1,no
96728,32,married,tertiary,8300,no,yes,460,3,-1,0,1,no
14592,43,divorced,tertiary,-173,no,yes,119,7,-1,0,1,no
49409,33,married,secondary,14850,yes,no,122,5,-1,0,1,no
73741,31,married,secondary,3311,yes,no,719,1,-1,0,1,yes
25915,30,married,tertiary,86,yes,yes,255,6,169,3,1,no
56982,43,divorced,secondary,51,no,no,430,1,-1,0,1,yes
3589,23,single,tertiary,230,no,no,264,1,-1,0,1,no
26252,31,single,secondary,2038,yes,no,239,1,182,1,1,no
72679,47,married,secondary,1765,no,no,59,3,-1,0,1,no
55785,32,divorced,secondary,264,no,no,71,1,-1,0,1,no
45940,29,single,tertiary,1170,no,no,453,1,-1,0,1,yes
90016,45,married,tertiary,37378,yes,no,167,1,-1,0,1,no
30197,40,married,primary,324,yes,no,205,6,-1,0,1,no
98270,36,married,tertiary,114,no,no,342,1,-1,0,1,no
81553,42,married,secondary,372,yes,no,130,8,-1,0,1,no
61147,59,married,unknown,201,no,no,69,7,-1,0,1,no
9861,43,divorced,secondary,0,no,no,106,4,-1,0,1,no
243,33,married,secondary,2254,yes,no,130,1,148,1,1,no
32858,59,married,secondary,26,no,no,92,3,-1,0,1,no
84471,25,single,tertiary,710,no,no,119,1,-1,0,1,no
47710,34,married,secondary,0,yes,no,55,3,-1,0,1,no
64951,34,married,tertiary,31,no,no,108,1,-1,0,1,no
51731,27,single,tertiary,13107,yes,no,661,1,314,2,1,yes
4363,30,married,secondary,-388,yes,no,263,1,293,3,1,no
52926,52,married,secondary,4233,no,no,158,2,-1,0,1,no
93148,31,married,tertiary,120,no,no,1000,1,-1,0,1,yes
1630,45,divorced,tertiary,2406,no,no,248,2,-1,0,1,no
78138,36,divorced,tertiary,8119,no,yes,118,2,-1,0,1,no
32599,36,single,secondary,60,yes,no,156,2,-1,0,1,yes
88040,37,divorced,secondary,284,yes,no,182,5,-1,0,1,no
42257,35,married,secondary,1993,yes,no,462,2,-1,0,1,no
55497,32,single,secondary,2696,yes,no,564,2,183,1,1,no
71455,29,single,unknown,175,no,no,597,3,-1,0,1,no
88128,25,single,tertiary,11,no,yes,236,3,-1,0,1,no
80559,38,married,tertiary,52,yes,no,82,4,-1,0,1,no
18646,47,married,secondary,439,yes,no,156,12,-1,0,1,no
62863,58,married,primary,1183,no,no,1721,5,-1,0,1,yes
86583,18,single,unknown,108,no,no,167,1,-1,0,1,yes
68069,41,married,secondary,2105,yes,no,134,1,-1,0,1,no
33325,58,married,secondary,5680,no,yes,237,2,-1,0,1,no
34199,45,married,unknown,13265,no,no,113,2,-1,0,1,no
92663,36,married,primary,378,yes,no,1240,1,-1,0,1,yes
80892,31,married,secondary,457,yes,no,236,1,-1,0,1,no
95555,34,married,primary,6718,no,no,278,4,97,1,1,no
85564,32,married,tertiary,1390,no,no,116,2,-1,0,1,no
33407,40,married,tertiary,2946,no,no,78,2,-1,0,1,no
35542,35,single,primary,246,no,no,157,2,345,5,1,no
33749,38,married,secondary,284,yes,no,483,1,-1,0,1,no
6490,46,married,primary,965,no,no,177,1,-1,0,1,no
71434,57,divorced,tertiary,3287,no,no,277,2,337,1,1,yes
89871,32,single,secondary,432,no,no,559,3,-1,0,1,no
71160,37,married,unknown,247,no,no,366,1,-1,0,1,no
77392,43,divorced,tertiary,1133,yes,no,131,1,-1,0,1,no
79939,53,married,unknown,0,no,no,150,2,-1,0,1,no
82254,39,married,secondary,217,yes,no,284,1,308,4,1,no
93686,30,single,tertiary,102,yes,no,364,3,-1,0,1,yes
60518,38,divorced,secondary,382,yes,no,397,1,-1,0,1,no
29530,34,single,tertiary,1077,no,no,218,1,151,5,1,no
68968,30,single,secondary,327,yes,no,21,2,-1,0,1,no
57728,42,married,secondary,0,no,no,240,1,-1,0,1,no
31460,38,divorced,secondary,-397,yes,yes,91,9,-1,0,1,no
6177,53,married,secondary,380,yes,yes,42,1,302,1,1,no
32211,29,married,tertiary,26,yes,no,45,1,-1,0,1,no
59859,40,married,tertiary,3059,yes,yes,41,1,182,1,1,no
726,51,married,secondary,1605,yes,no,94,3,-1,0,1,no
57504,40,single,unknown,358,yes,no,350,1,-1,0,1,no
93474,52,married,secondary,2904,yes,no,201,6,272,3,1,no
68843,52,married,secondary,1645,no,no,248,1,-1,0,1,no
73849,37,married,secondary,121,yes,no,617,2,-1,0,1,no
66209,31,single,secondary,0,yes,no,150,1,-1,0,1,no
95345,33,married,tertiary,12,yes,no,137,1,-1,0,1,no
45384,35,single,secondary,-41,yes,no,169,1,-1,0,1,no
72267,46,married,tertiary,99,yes,no,569,1,-1,0,1,no
5481,36,married,secondary,1949,yes,no,48,2,319,3,1,no
17558,32,married,primary,7406,yes,no,418,2,-1,0,1,no
72434,32,married,secondary,316,yes,no,14,4,-1,0,1,no
12234,30,divorced,tertiary,-1105,yes,no,686,1,-1,0,1,no
60061,60,married,tertiary,0,yes,no,59,1,-1,0,1,no
63696,26,single,tertiary,828,yes,no,156,1,199,1,1,yes
61799,33,single,primary,-15,no,yes,326,2,-1,0,1,no
68207,36,single,primary,58,yes,no,134,1,-1,0,1,no
5702,56,married,secondary,397,yes,no,252,1,-1,0,1,no
20377,57,married,primary,8403,no,no,11,11,-1,0,1,no
3697,46,married,secondary,-204,yes,yes,234,15,-1,0,1,no
37199,46,married,secondary,2948,no,no,893,1,-1,0,1,yes
76784,55,married,primary,512,no,no,1200,2,-1,0,1,yes
61527,39,divorced,tertiary,966,yes,yes,186,1,-1,0,1,no
94618,52,divorced,tertiary,0,no,no,335,1,-1,0,1,no
65519,42,single,secondary,58,no,no,428,1,-1,0,1,no
41928,79,married,unknown,0,no,no,167,1,-1,0,1,no
86120,41,divorced,secondary,840,yes,no,938,1,-1,0,1,yes
88636,26,single,secondary,81,no,yes,803,2,-1,0,1,yes
78469,32,married,secondary,2468,yes,yes,131,4,-1,0,1,no
85929,44,divorced,primary,538,no,no,196,2,-1,0,1,no
79938,58,married,secondary,4717,yes,no,135,1,-1,0,1,no
5266,43,single,tertiary,664,yes,no,119,1,-1,0,1,no
69188,28,married,secondary,339,yes,no,100,2,-1,0,1,no
6502,46,single,tertiary,1631,yes,no,175,1,-1,0,1,no
74994,44,married,primary,2958,yes,no,229,2,-1,0,1,no
53299,43,single,secondary,214,yes,no,335,1,-1,0,1,no
51679,78,married,primary,2735,no,no,418,2,-1,0,1,no
8142,46,married,primary,1429,yes,no,91,1,-1,0,1,no
4319,36,single,tertiary,1129,yes,no,444,1,-1,0,1,no
5471,39,single,secondary,-25,yes,no,576,1,-1,0,1,no
71469,51,married,secondary,1573,no,no,72,18,-1,0,1,no
64299,38,divorced,unknown,6360,no,no,1409,2,-1,0,1,yes
82283,50,divorced,tertiary,64,no,no,81,6,-1,0,1,no
54866,49,married,secondary,-327,yes,no,423,1,-1,0,1,no
75836,40,divorced,secondary,6,no,no,140,1,-1,0,1,no
66165,51,married,tertiary,990,no,no,189,5,-1,0,1,no
20653,45,married,secondary,2776,yes,no,287,2,181,1,1,yes
51491,34,married,secondary,199,yes,no,627,3,-1,0,1,no
32413,19,single,primary,103,no,no,177,2,95,4,1,no
77853,59,married,primary,914,no,no,139,8,-1,0,1,no
86836,43,married,secondary,128,yes,no,71,1,-1,0,1,no
75186,42,single,secondary,568,yes,no,311,2,341,2,1,no
92866,57,married,secondary,530,yes,no,10,7,360,7,1,no
92919,41,single,secondary,1680,yes,no,76,2,-1,0,1,no
61178,40,married,tertiary,271,yes,no,124,3,102,4,1,no
72952,38,married,tertiary,0,yes,no,136,1,-1,0,1,no
69359,54,married,tertiary,1014,no,yes,240,1,162,2,1,yes
43377,56,divorced,tertiary,2189,no,no,180,1,-1,0,1,no
89202,41,married,secondary,201,no,no,114,1,-1,0,1,no
53602,31,married,secondary,1354,yes,yes,222,2,-1,0,1,no
61715,38,married,secondary,215,yes,no,115,2,175,2,1,no
55962,54,single,secondary,492,no,no,330,1,-1,0,1,no
14289,50,married,primary,1260,no,no,172,1,-1,0,1,no
62351,58,married,secondary,1686,no,no,110,2,-1,0,1,no
16575,38,married,secondary,635,no,no,31,5,-1,0,1,no
76616,48,divorced,tertiary,0,no,no,126,2,-1,0,1,no
1813,39,single,secondary,4380,no,no,87,8,-1,0,1,no
18034,33,married,secondary,355,yes,no,87,3,-1,0,1,no
1021,44,married,secondary,1696,no,no,139,3,-1,0,1,no
90371,40,single,secondary,963,yes,no,479,1,-1,0,1,no
19264,65,married,primary,493,no,no,622,1,182,1,1,no
72150,28,single,tertiary,2489,yes,no,342,2,-1,0,1,yes
70686,61,married,tertiary,175,no,no,79,2,183,2,1,no
10073,48,married,secondary,2533,no,no,714,2,633,1,1,no
14646,51,married,secondary,423,yes,yes,236,1,90,1,1,no
13181,59,married,primary,96,no,no,88,2,-1,0,1,no
83955,43,married,secondary,2,yes,yes,7,5,-1,0,1,no
95008,57,divorced,secondary,-37,no,no,173,1,-1,0,1,no
84174,45,married,secondary,-847,no,yes,312,1,-1,0,1,no
53114,47,married,tertiary,274,no,yes,313,2,-1,0,1,no
84032,44,married,secondary,-153,no,yes,197,1,-1,0,1,no
85974,60,married,unknown,478,no,no,173,2,311,8,1,yes
48569,35,married,tertiary,2123,yes,no,249,3,-1,0,1,no
23030,42,divorced,secondary,466,no,no,48,1,-1,0,1,no
90416,38,single,tertiary,187,no,no,87,7,-1,0,1,no
26475,46,divorced,tertiary,194,no,no,97,1,-1,0,1,no
98540,28,married,secondary,519,yes,yes,311,1,-1,0,1,no
64534,37,married,unknown,47,no,no,374,3,-1,0,1,no
5514,43,divorced,tertiary,-166,yes,yes,176,2,-1,0,1,no
7644,25,single,secondary,122,yes,no,286,1,-1,0,1,no
185,35,married,tertiary,-126,no,no,82,2,-1,0,1,no
55505,52,married,secondary,331,no,no,84,4,-1,0,1,no
88287,72,married,unknown,1940,no,no,705,2,-1,0,1,yes
55406,40,married,tertiary,1063,yes,yes,264,2,-1,0,1,no
85102,57,married,primary,595,no,no,188,2,-1,0,1,no
318,43,single,secondary,375,no,yes,163,4,-1,0,1,no
20041,47,single,unknown,-213,yes,no,168,1,-1,0,1,no
91749,62,married,tertiary,0,no,no,188,2,-1,0,1,no
4413,31,single,tertiary,0,no,no,120,6,-1,0,1,no
33513,31,married,secondary,0,yes,no,133,1,-1,0,1,no
28725,29,single,secondary,166,no,yes,108,8,-1,0,1,no
10944,43,divorced,primary,-97,yes,yes,747,4,-1,0,1,no
31626,31,single,secondary,284,yes,no,855,1,-1,0,1,yes
96080,46,divorced,secondary,22,no,no,8,10,-1,0,1,no
81457,22,single,tertiary,897,yes,no,133,4,-1,0,1,yes
83285,30,single,tertiary,44,no,no,108,2,-1,0,1,no
89988,46,married,secondary,-337,yes,no,112,1,-1,0,1,no
78543,34,married,primary,392,yes,no,180,3,360,1,1,no
368,30,single,tertiary,253,yes,no,283,4,-1,0,1,no
86367,52,married,primary,0,yes,no,17,28,-1,0,1,no
13590,40,divorced,secondary,399,no,no,246,2,-1,0,1,no
80299,43,married,tertiary,79,no,no,640,1,-1,0,1,yes
5954,42,married,secondary,645,yes,yes,42,2,-1,0,1,no
82949,47,married,primary,-58,yes,no,92,2,-1,0,1,no
51169,33,single,tertiary,191,no,yes,25,1,-1,0,1,no
27116,45,married,secondary,226,no,no,211,2,-1,0,1,no
8946,52,single,tertiary,1623,yes,no,21,17,-1,0,1,no
45754,45,married,unknown,1979,no,no,76,3,-1,0,1,no
42576,49,married,secondary,880,yes,yes,22,3,-1,0,1,no
85811,54,married,secondary,285,yes,yes,63,1,2,5,1,no
20888,32,single,secondary,322,yes,no,233,3,-1,0,1,no
877,56,married,primary,2086,yes,no,159,8,-1,0,1,no
64790,32,single,secondary,641,yes,no,148,1,-1,0,1,no
10040,48,single,tertiary,0,no,no,96,3,-1,0,1,no
44459,43,married,tertiary,68,yes,no,31,2,-1,0,1,no
13001,56,single,secondary,-273,no,no,119,2,-1,0,1,no
35087,34,married,tertiary,0,yes,no,262,1,99,2,1,yes
41934,27,single,tertiary,450,yes,no,49,1,-1,0,1,no
68132,47,married,secondary,310,yes,yes,128,6,-1,0,1,no
1589,56,married,primary,278,no,yes,261,3,-1,0,1,no
67044,76,married,secondary,820,no,no,263,4,-1,0,1,yes
78144,30,single,secondary,-213,yes,yes,751,1,-1,0,1,yes
64747,32,single,secondary,1307,yes,no,267,2,-1,0,1,no
71,41,married,secondary,205,yes,no,91,1,-1,0,1,no
48745,59,married,primary,2722,no,no,145,1,-1,0,1,no
10073,48,married,secondary,2533,no,no,714,2,633,1,1,no
7076,33,single,tertiary,6127,no,no,127,3,-1,0,1,no