"age","marital","education","balance","housing","loan","duration","campaign","pdays","previous","current","deposit"
38,"married","secondary",105,"no","no",244,2,-1,0,"1","no"
55,"married","tertiary",457,"yes","no",61,3,-1,0,"1","no"
35,"married","secondary",614,"yes","no",242,2,-1,0,"1","no"
27,"single","secondary",-46,"yes","no",97,3,199,8,"1","no"
56,"married","secondary",-1122,"yes","yes",220,1,-1,0,"1","no"
58,"single","secondary",2223,"no","no",1139,2,114,1,"1","no"
50,"married","primary",2636,"yes","no",349,2,-1,0,"1","no"
74,"married","secondary",1714,"no","no",127,1,-1,0,"1","yes"
45,"married","tertiary",6945,"no","no",131,5,356,3,"1","no"
28,"single","secondary",1285,"no","no",199,2,2,17,"1","no"
57,"married","primary",2892,"yes","no",235,5,-1,0,"1","no"
29,"married","tertiary",1022,"yes","no",408,1,-1,0,"1","no"
31,"married","secondary",536,"yes","no",22,6,-1,0,"1","no"
34,"married","secondary",945,"yes","yes",181,1,-1,0,"1","no"
28,"single","secondary",19,"no","no",78,4,-1,0,"1","no"
39,"married","secondary",1427,"yes","no",454,1,-1,0,"1","no"
33,"married","primary",681,"yes","no",222,1,-1,0,"1","no"
51,"single","tertiary",11222,"yes","no",151,7,-1,0,"1","no"
38,"married","tertiary",1324,"yes","no",178,1,-1,0,"1","no"
31,"single","secondary",8304,"no","no",164,1,183,1,"1","no"
26,"single","tertiary",592,"no","no",145,2,164,1,"1","no"
46,"married","primary",323,"yes","no",108,6,-1,0,"1","no"
33,"single","secondary",4436,"yes","no",81,6,-1,0,"1","no"
31,"married","secondary",713,"yes","no",373,1,-1,0,"1","no"
67,"single","tertiary",2144,"no","no",847,2,-1,0,"1","yes"
57,"married","secondary",573,"no","no",53,11,-1,0,"1","no"
40,"married","unknown",638,"yes","yes",68,3,254,2,"1","no"
30,"single","tertiary",178,"yes","no",234,1,-1,0,"1","no"
44,"married","unknown",722,"yes","no",269,2,-1,0,"1","no"
37,"divorced","secondary",1448,"yes","no",71,2,-1,0,"1","no"
35,"married","tertiary",0,"yes","yes",112,1,62,6,"1","no"
34,"single","secondary",3,"yes","no",301,1,-1,0,"1","no"
34,"divorced","secondary",1085,"no","no",101,7,-1,0,"1","yes"
37,"divorced","secondary",2152,"yes","no",200,1,-1,0,"1","no"
51,"single","secondary",3132,"no","no",449,1,176,1,"1","no"
56,"married","unknown",1848,"yes","no",147,2,260,1,"1","no"
51,"married","primary",2315,"no","no",111,2,-1,0,"1","no"
34,"single","secondary",60,"no","no",274,2,-1,0,"1","no"
45,"single","secondary",11,"no","no",247,1,-1,0,"1","no"
47,"married","primary",52,"yes","yes",140,1,-1,0,"1","no"
30,"single","secondary",54,"no","no",194,2,-1,0,"1","no"
57,"married","tertiary",1181,"no","no",169,2,182,2,"1","yes"
49,"married","primary",61,"yes","no",246,1,-1,0,"1","no"
40,"single","tertiary",15,"no","yes",4,1,-1,0,"1","no"
38,"married","secondary",121,"yes","yes",168,1,212,2,"1","no"
47,"single","tertiary",1192,"yes","no",217,2,-1,0,"1","no"
30,"single","tertiary",478,"no","no",193,3,-1,0,"1","no"
40,"married","secondary",220,"yes","no",69,3,-1,0,"1","no"
28,"single","tertiary",882,"no","yes",94,1,205,2,"1","no"
34,"married","secondary",1689,"no","no",423,1,-1,0,"1","no"
51,"married","secondary",1377,"no","no",9,2,-1,0,"1","no"
47,"single","secondary",594,"yes","no",161,1,-1,0,"1","no"
51,"married","secondary",8758,"no","no",92,2,-1,0,"1","no"
53,"married","secondary",-689,"yes","no",242,1,-1,0,"1","no"
30,"single","tertiary",3026,"no","no",251,1,535,1,"1","yes"
37,"married","primary",380,"yes","yes",548,2,-1,0,"1","no"
45,"divorced","secondary",54,"no","no",83,3,-1,0,"1","no"
39,"married","secondary",1034,"yes","no",306,1,-1,0,"1","no"
47,"married","primary",10697,"no","no",274,2,-1,0,"1","no"
33,"married","tertiary",2213,"no","no",240,1,385,9,"1","no"
53,"married","unknown",28,"no","no",117,2,-1,0,"1","no"
35,"married","tertiary",7990,"yes","no",357,1,-1,0,"1","no"
49,"married","secondary",298,"yes","no",392,3,-1,0,"1","no"
52,"married","secondary",1797,"yes","no",92,2,99,1,"1","no"
42,"divorced","secondary",-106,"yes","no",495,1,347,3,"1","no"
32,"single","primary",557,"yes","no",112,2,-1,0,"1","no"
35,"single","tertiary",7546,"yes","no",137,1,122,3,"1","no"
45,"divorced","primary",407,"yes","no",196,1,-1,0,"1","no"
38,"married","primary",2569,"no","no",172,1,-1,0,"1","no"
43,"married","secondary",128,"yes","no",71,1,-1,0,"1","no"
31,"married","tertiary",6562,"yes","no",118,2,-1,0,"1","no"
40,"divorced","secondary",9,"no","no",154,2,-1,0,"1","no"
49,"married","tertiary",96,"no","no",51,2,-1,0,"1","no"
33,"single","secondary",395,"yes","no",95,8,-1,0,"1","no"
58,"married","unknown",0,"no","no",273,2,-1,0,"1","no"
32,"single","secondary",230,"yes","no",442,1,266,8,"1","yes"
44,"married","primary",0,"yes","no",408,2,350,1,"1","no"
28,"single","secondary",280,"yes","no",142,3,-1,0,"1","no"
45,"single","primary",4289,"yes","no",400,1,-1,0,"1","no"
51,"married","secondary",429,"no","no",230,2,-1,0,"1","no"
54,"married","tertiary",0,"no","no",260,7,-1,0,"1","no"
26,"single","primary",1538,"no","yes",97,3,-1,0,"1","no"
54,"divorced","primary",308,"yes","no",248,3,-1,0,"1","no"
24,"single","secondary",822,"no","no",184,1,91,2,"1","yes"
35,"married","secondary",444,"yes","no",244,3,-1,0,"1","no"
57,"married","secondary",1179,"no","no",189,2,-1,0,"1","no"
24,"single","secondary",1857,"yes","no",473,4,-1,0,"1","no"
42,"married","secondary",2145,"no","no",124,3,-1,0,"1","no"
47,"married","secondary",458,"no","no",66,1,-1,0,"1","no"
31,"married","secondary",520,"yes","no",123,7,-1,0,"1","no"
34,"married","primary",-144,"yes","no",79,2,-1,0,"1","no"
55,"married","secondary",241,"yes","no",14,6,-1,0,"1","no"
38,"married","primary",-326,"yes","no",237,3,-1,0,"1","no"
56,"married","tertiary",247,"no","no",44,2,-1,0,"1","no"
44,"married","tertiary",121,"no","no",248,1,91,1,"1","yes"
50,"married","secondary",464,"no","yes",426,2,-1,0,"1","no"
34,"married","secondary",0,"yes","no",1025,2,-1,0,"1","no"
33,"divorced","secondary",751,"yes","no",237,1,-1,0,"1","no"
33,"married","secondary",968,"yes","no",204,5,-1,0,"1","no"
29,"married","tertiary",125,"no","no",130,2,-1,0,"1","no"
33,"married","secondary",2711,"no","no",184,1,104,1,"1","no"
41,"single","primary",156,"yes","no",47,5,-1,0,"1","no"
58,"married","primary",99,"yes","no",215,3,-1,0,"1","no"
34,"married","secondary",0,"yes","yes",34,2,288,12,"1","no"
24,"single","secondary",1957,"no","no",113,1,-1,0,"1","no"
42,"married","secondary",738,"no","no",20,3,-1,0,"1","no"
30,"married","secondary",-306,"yes","yes",372,1,186,1,"1","no"
27,"single","secondary",-151,"no","no",283,2,-1,0,"1","no"
55,"married","primary",5109,"no","no",55,1,-1,0,"1","no"
45,"divorced","tertiary",54,"no","yes",34,3,-1,0,"1","no"
26,"single","tertiary",777,"yes","no",260,2,463,1,"1","no"
42,"married","primary",2003,"yes","no",177,3,-1,0,"1","no"
37,"single","tertiary",1188,"no","no",310,1,-1,0,"1","yes"
54,"single","unknown",447,"yes","no",742,2,-1,0,"1","no"
26,"single","secondary",-42,"no","yes",305,3,-1,0,"1","no"
30,"single","secondary",-838,"yes","no",142,2,-1,0,"1","no"
48,"married","secondary",0,"no","no",142,1,-1,0,"1","no"
25,"single","tertiary",89,"no","no",274,1,-1,0,"1","no"
46,"married","primary",642,"no","no",110,4,-1,0,"1","no"
30,"married","secondary",521,"yes","no",648,1,-1,0,"1","no"
34,"married","secondary",3814,"yes","no",286,2,-1,0,"1","no"
44,"divorced","secondary",51,"yes","yes",3094,2,-1,0,"1","yes"
52,"married","primary",10943,"no","no",292,1,-1,0,"1","yes"
32,"single","secondary",-578,"no","no",115,1,-1,0,"1","no"
43,"divorced","primary",177,"no","no",124,1,-1,0,"1","no"
52,"divorced","secondary",280,"no","no",8,12,-1,0,"1","no"
29,"single","secondary",-580,"yes","no",123,2,-1,0,"1","no"
37,"married","secondary",448,"no","no",86,3,-1,0,"1","no"
27,"single","secondary",381,"yes","no",143,1,-1,0,"1","no"
27,"single","secondary",317,"yes","no",16,10,-1,0,"1","no"
37,"married","tertiary",2401,"no","no",203,7,-1,0,"1","no"
36,"married","tertiary",1473,"yes","yes",206,2,-1,0,"1","no"
51,"single","secondary",2130,"yes","no",126,8,-1,0,"1","no"
49,"married","secondary",1219,"yes","no",168,5,-1,0,"1","no"
39,"single","tertiary",763,"no","no",192,1,-1,0,"1","no"
30,"married","tertiary",-256,"yes","no",51,5,-1,0,"1","no"
37,"married","tertiary",585,"yes","no",47,2,-1,0,"1","no"
26,"single","secondary",655,"no","no",190,1,-1,0,"1","yes"
40,"single","secondary",134,"yes","yes",126,2,-1,0,"1","no"
33,"married","secondary",1536,"no","no",258,2,178,4,"1","yes"
34,"married","tertiary",786,"yes","yes",250,1,-1,0,"1","no"
54,"married","tertiary",876,"no","no",269,3,541,3,"1","yes"
58,"married","secondary",372,"no","no",315,2,-1,0,"1","no"
56,"married","primary",690,"yes","no",309,2,-1,0,"1","no"
37,"married","secondary",38,"no","no",94,13,-1,0,"1","no"
54,"married","primary",258,"no","no",29,1,-1,0,"1","no"
32,"married","secondary",11697,"yes","no",296,1,-1,0,"1","no"
42,"divorced","secondary",-106,"yes","no",95,1,-1,0,"1","no"
32,"married","tertiary",2431,"no","no",19,19,-1,0,"1","no"
47,"married","primary",586,"no","no",68,2,-1,0,"1","no"
43,"single","tertiary",359,"yes","no",899,3,-1,0,"1","no"
51,"single","unknown",196,"no","no",98,1,-1,0,"1","no"
38,"married","tertiary",45,"no","no",125,4,-1,0,"1","no"
45,"married","secondary",1998,"no","no",237,5,-1,0,"1","yes"
43,"single","primary",30,"yes","no",379,17,-1,0,"1","no"
49,"divorced","secondary",-39,"yes","yes",147,3,-1,0,"1","no"
34,"married","primary",-480,"yes","yes",225,1,-1,0,"1","no"
34,"married","tertiary",1539,"yes","no",441,1,56,1,"1","yes"
45,"married","secondary",1041,"yes","no",238,3,-1,0,"1","no"
33,"married","primary",289,"yes","no",309,1,363,4,"1","no"
56,"single","tertiary",1947,"no","no",110,1,-1,0,"1","yes"
49,"married","secondary",3570,"no","no",62,3,202,2,"1","no"
53,"married","secondary",1225,"no","no",70,2,-1,0,"1","no"
26,"single","secondary",2613,"no","no",326,1,-1,0,"1","yes"
33,"single","secondary",2979,"no","no",326,2,437,1,"1","yes"
43,"divorced","secondary",0,"yes","no",125,2,-1,0,"1","no"
28,"married","tertiary",1109,"yes","no",89,4,310,5,"1","no"
44,"married","primary",10,"yes","no",196,1,-1,0,"1","no"
38,"married","secondary",611,"yes","yes",61,3,-1,0,"1","no"
27,"divorced","unknown",2323,"yes","no",153,1,-1,0,"1","no"
39,"married","primary",800,"yes","no",53,5,175,6,"1","no"
23,"single","secondary",0,"yes","no",6,5,350,2,"1","no"
25,"married","unknown",776,"yes","no",290,1,-1,0,"1","no"
55,"married","tertiary",4359,"no","no",394,2,-1,0,"1","no"
52,"married","secondary",230,"yes","yes",89,4,-1,0,"1","no"
56,"married","tertiary",3172,"yes","no",139,1,-1,0,"1","no"
48,"married","secondary",1600,"no","no",117,1,-1,0,"1","no"
34,"single","secondary",1076,"no","no",70,2,-1,0,"1","no"
54,"married","tertiary",16843,"no","no",116,1,-1,0,"1","no"
35,"single","tertiary",994,"no","no",75,2,-1,0,"1","no"
37,"married","primary",351,"no","no",108,1,-1,0,"1","no"
52,"divorced","secondary",225,"no","no",58,2,-1,0,"1","no"
56,"married","unknown",7,"no","no",305,2,-1,0,"1","no"
33,"married","secondary",108,"yes","no",158,2,-1,0,"1","no"
36,"single","secondary",98,"no","no",771,1,-1,0,"1","yes"
27,"single","tertiary",-291,"yes","no",66,2,-1,0,"1","no"
33,"single","secondary",706,"yes","no",329,1,322,1,"1","no"
41,"married","primary",46,"no","no",268,1,-1,0,"1","no"
28,"married","secondary",0,"yes","yes",210,1,-1,0,"1","no"
41,"married","secondary",235,"yes","no",181,1,-1,0,"1","no"
29,"single","tertiary",1788,"no","no",353,1,-1,0,"1","yes"
55,"divorced","primary",96,"yes","yes",311,2,-1,0,"1","no"
43,"single","tertiary",317,"yes","no",106,1,-1,0,"1","no"
35,"married","primary",0,"yes","no",90,6,-1,0,"1","no"
57,"married","secondary",1216,"yes","no",255,6,-1,0,"1","no"
38,"married","tertiary",1477,"no","no",385,3,769,2,"1","yes"
51,"married","tertiary",36,"yes","no",535,2,-1,0,"1","no"
64,"married","secondary",1574,"no","no",301,3,-1,0,"1","yes"
34,"married","secondary",133,"no","no",401,2,187,5,"1","yes"
29,"married","tertiary",465,"yes","no",191,1,-1,0,"1","no"
26,"single","tertiary",10086,"no","no",475,3,78,2,"1","no"
44,"single","secondary",34,"yes","no",404,4,-1,0,"1","no"
30,"single","tertiary",1271,"yes","no",303,5,-1,0,"1","no"
34,"single","tertiary",-362,"yes","yes",7,6,-1,0,"1","no"
52,"married","unknown",0,"yes","no",1486,1,-1,0,"1","yes"
48,"married","tertiary",1571,"yes","no",104,3,-1,0,"1","no"
39,"single","secondary",709,"yes","no",441,1,-1,0,"1","no"
55,"married","primary",396,"no","no",74,2,-1,0,"1","no"
35,"married","secondary",154,"yes","no",211,4,-1,0,"1","no"
44,"divorced","tertiary",4,"yes","no",312,3,-1,0,"1","no"
78,"married","primary",2735,"no","no",418,2,-1,0,"1","no"
41,"married","secondary",5110,"yes","no",231,1,-1,0,"1","no"
71,"married","tertiary",383,"no","no",388,3,-1,0,"1","yes"
28,"single","secondary",1055,"no","no",196,1,-1,0,"1","no"
44,"married","secondary",32,"no","yes",241,3,-1,0,"1","no"
48,"married","primary",1910,"yes","no",413,2,-1,0,"1","no"
29,"single","tertiary",9407,"no","no",267,6,-1,0,"1","yes"
60,"divorced","tertiary",662,"no","no",241,4,-1,0,"1","no"
40,"married","secondary",6536,"no","no",647,1,-1,0,"1","no"
35,"single","tertiary",670,"no","no",278,4,182,2,"1","yes"
46,"married","primary",328,"yes","no",526,8,-1,0,"1","no"
29,"married","primary",248,"yes","no",113,1,-1,0,"1","no"
52,"married","primary",911,"no","no",29,2,-1,0,"1","no"
40,"married","secondary",1819,"no","no",398,2,-1,0,"1","no"
53,"married","tertiary",1102,"no","no",78,1,-1,0,"1","no"
58,"married","secondary",5087,"no","no",135,1,-1,0,"1","no"
36,"married","tertiary",2012,"no","no",188,7,-1,0,"1","no"
30,"married","secondary",5,"no","no",840,3,-1,0,"1","yes"
57,"married","tertiary",830,"yes","yes",662,1,367,1,"1","yes"
35,"married","secondary",2779,"no","no",182,2,186,2,"1","yes"
57,"married","secondary",1113,"no","no",264,20,-1,0,"1","no"
28,"married","secondary",17,"yes","no",269,1,-1,0,"1","no"
28,"married","secondary",6,"yes","no",254,1,-1,0,"1","no"
33,"married","secondary",353,"yes","no",107,2,-1,0,"1","no"
50,"married","secondary",4117,"no","no",530,1,-1,0,"1","yes"
52,"divorced","primary",-644,"no","no",119,3,-1,0,"1","no"
51,"married","tertiary",746,"no","no",372,5,-1,0,"1","yes"
34,"married","tertiary",1778,"no","no",358,1,162,2,"1","yes"
30,"single","tertiary",3410,"yes","no",140,1,-1,0,"1","no"
53,"married","tertiary",3634,"no","no",211,4,88,8,"1","yes"
21,"single","unknown",-28,"yes","no",125,1,-1,0,"1","no"
48,"married","tertiary",2460,"no","no",106,11,-1,0,"1","no"
44,"married","primary",1147,"yes","no",23,1,-1,0,"1","no"
29,"single","tertiary",13,"yes","no",26,6,-1,0,"1","no"
40,"married","primary",72,"yes","yes",849,1,-1,0,"1","yes"
42,"married","secondary",1865,"yes","no",164,1,-1,0,"1","no"
45,"married","primary",408,"no","no",253,2,-1,0,"1","no"
34,"married","secondary",187,"yes","no",379,2,-1,0,"1","no"
28,"married","secondary",143,"yes","no",44,13,-1,0,"1","no"
40,"married","primary",210,"yes","no",22,4,-1,0,"1","no"
47,"married","secondary",5041,"no","no",184,1,-1,0,"1","no"
29,"single","tertiary",80,"yes","no",15,5,361,1,"1","no"
57,"married","secondary",1230,"no","no",78,4,-1,0,"1","no"
51,"married","primary",565,"yes","yes",157,7,250,3,"1","no"
57,"married","secondary",919,"yes","yes",408,2,-1,0,"1","no"
57,"married","primary",4,"no","no",50,5,-1,0,"1","no"
40,"married","secondary",1074,"yes","no",90,2,-1,0,"1","no"
39,"married","primary",562,"no","no",234,2,-1,0,"1","no"
25,"married","secondary",1782,"yes","no",549,1,-1,0,"1","no"
32,"single","secondary",199,"yes","no",70,1,336,1,"1","no"
42,"married","tertiary",9916,"yes","no",306,1,-1,0,"1","no"
44,"married","primary",1880,"yes","no",34,1,124,6,"1","no"
56,"married","unknown",0,"no","no",83,2,-1,0,"1","no"
30,"single","tertiary",136,"yes","yes",208,5,-1,0,"1","no"
42,"divorced","tertiary",266,"no","yes",228,1,-1,0,"1","no"
34,"married","secondary",-58,"yes","yes",157,2,-1,0,"1","no"
30,"married","tertiary",101,"yes","no",88,1,-1,0,"1","no"
33,"married","tertiary",418,"yes","no",159,1,-1,0,"1","no"
42,"married","secondary",8036,"no","no",948,5,-1,0,"1","no"
46,"married","primary",327,"no","yes",145,4,-1,0,"1","no"
48,"divorced","tertiary",3520,"yes","no",73,4,-1,0,"1","no"
30,"single","primary",4009,"yes","no",260,4,-1,0,"1","no"
38,"married","tertiary",-498,"no","no",85,6,-1,0,"1","no"
40,"married","secondary",0,"yes","no",225,1,-1,0,"1","no"
42,"divorced","secondary",117,"yes","no",105,1,-1,0,"1","no"
55,"married","tertiary",46,"no","no",59,4,-1,0,"1","no"
35,"married","secondary",262,"no","no",427,1,181,3,"1","yes"
48,"divorced","primary",432,"yes","no",152,2,-1,0,"1","no"
27,"single","primary",540,"no","no",115,1,-1,0,"1","no"
48,"married","secondary",238,"yes","yes",118,2,81,1,"1","no"
32,"married","primary",289,"yes","no",23,4,-1,0,"1","no"
37,"married","tertiary",16,"no","no",280,1,-1,0,"1","no"
43,"divorced","secondary",1612,"no","no",119,2,95,3,"1","no"
31,"married","secondary",3584,"yes","yes",467,1,-1,0,"1","no"
27,"single","secondary",63,"no","no",98,1,-1,0,"1","no"
42,"divorced","secondary",47,"yes","yes",141,1,-1,0,"1","no"
46,"married","secondary",3,"yes","yes",614,3,-1,0,"1","yes"
41,"married","secondary",7870,"yes","no",48,2,-1,0,"1","no"
40,"divorced","secondary",-81,"no","yes",186,1,-1,0,"1","no"
30,"married","secondary",419,"yes","no",390,1,-1,0,"1","no"
39,"married","tertiary",3,"yes","no",1145,1,170,1,"1","no"
44,"married","tertiary",13853,"yes","no",1329,3,-1,0,"1","no"
30,"single","secondary",1282,"yes","no",346,3,356,2,"1","no"
28,"married","secondary",957,"yes","yes",646,3,-1,0,"1","no"
38,"divorced","secondary",410,"no","no",63,6,-1,0,"1","no"
56,"divorced","secondary",0,"no","no",103,1,-1,0,"1","no"
45,"single","secondary",-688,"no","yes",106,1,-1,0,"1","no"
54,"married","tertiary",384,"yes","no",30,7,-1,0,"1","no"
40,"married","secondary",4259,"no","no",454,4,-1,0,"1","no"
30,"single","secondary",1309,"no","no",622,1,-1,0,"1","yes"
48,"married","secondary",2088,"no","yes",93,1,-1,0,"1","no"
35,"married","secondary",1397,"yes","no",114,4,-1,0,"1","no"
32,"single","tertiary",202,"no","no",16,5,-1,0,"1","no"
48,"married","secondary",817,"no","no",517,1,282,4,"1","yes"
43,"single","tertiary",1696,"yes","no",257,1,474,3,"1","yes"
41,"married","secondary",442,"yes","yes",261,3,322,1,"1","no"
32,"single","secondary",2326,"yes","no",62,3,-1,0,"1","no"
51,"married","primary",362,"yes","no",108,4,272,2,"1","no"
32,"divorced","tertiary",1145,"yes","no",580,1,350,4,"1","no"
60,"married","primary",3230,"no","no",281,4,-1,0,"1","no"
27,"married","secondary",3415,"no","no",266,3,184,1,"1","yes"
41,"divorced","tertiary",1757,"no","no",515,13,-1,0,"1","no"
60,"married","primary",130,"no","no",374,2,-1,0,"1","no"
30,"married","secondary",1013,"yes","no",24,9,-1,0,"1","no"
31,"single","secondary",1014,"yes","no",158,4,-1,0,"1","no"
38,"divorced","secondary",889,"no","yes",362,1,-1,0,"1","no"
46,"married","unknown",76,"no","no",181,2,-1,0,"1","no"
46,"married","secondary",1804,"no","no",80,2,-1,0,"1","no"
45,"married","primary",456,"yes","no",255,1,-1,0,"1","no"
30,"married","secondary",357,"yes","no",659,4,-1,0,"1","no"
31,"single","tertiary",387,"no","no",149,1,-1,0,"1","no"
54,"married","tertiary",1460,"no","yes",341,3,202,7,"1","no"
51,"married","tertiary",5254,"yes","no",134,1,-1,0,"1","yes"
52,"married","tertiary",575,"no","no",315,1,-1,0,"1","no"
53,"divorced","primary",-17,"yes","yes",508,1,-1,0,"1","no"
41,"married","secondary",1822,"no","yes",391,1,-1,0,"1","no"
75,"married","secondary",468,"no","no",316,1,-1,0,"1","no"
52,"married","primary",142,"no","no",924,5,-1,0,"1","no"
41,"married","secondary",2959,"yes","no",110,1,-1,0,"1","no"
41,"married","secondary",-217,"yes","no",313,1,349,3,"1","no"
29,"single","secondary",460,"yes","no",191,2,357,6,"1","no"
33,"divorced","secondary",385,"no","no",29,28,-1,0,"1","no"
42,"married","secondary",-43,"yes","yes",363,3,-1,0,"1","no"
31,"married","tertiary",-253,"no","no",220,4,-1,0,"1","no"
30,"married","secondary",5143,"yes","yes",236,2,-1,0,"1","no"
32,"married","tertiary",6138,"no","no",211,2,196,7,"1","no"
42,"married","secondary",641,"no","no",111,1,1,1,"1","no"
33,"married","secondary",48,"yes","no",164,5,294,3,"1","no"
57,"married","secondary",32,"yes","no",476,3,-1,0,"1","no"
26,"single","tertiary",521,"no","no",123,3,-1,0,"1","no"
50,"single","secondary",2668,"no","no",1606,1,-1,0,"1","no"
44,"married","secondary",72,"yes","no",456,1,-1,0,"1","no"
33,"married","tertiary",210,"yes","no",84,1,167,1,"1","no"
83,"married","primary",425,"no","no",912,1,-1,0,"1","no"
35,"married","secondary",80,"yes","yes",579,2,-1,0,"1","no"
34,"single","unknown",5827,"no","no",97,2,-1,0,"1","no"
26,"single","tertiary",6,"yes","no",171,1,-1,0,"1","no"
62,"married","tertiary",557,"no","no",185,1,-1,0,"1","yes"
39,"single","secondary",2645,"yes","no",339,3,-1,0,"1","no"
49,"single","secondary",5802,"no","no",618,2,-1,0,"1","yes"
38,"divorced","tertiary",82,"no","no",38,13,-1,0,"1","no"
38,"married","tertiary",76,"yes","no",196,3,-1,0,"1","no"
35,"married","secondary",126,"yes","no",472,1,-1,0,"1","no"
41,"single","unknown",2701,"yes","no",278,4,-1,0,"1","no"
37,"married","tertiary",6815,"yes","no",92,2,172,2,"1","no"
25,"single","tertiary",1954,"yes","yes",66,1,351,1,"1","no"
47,"married","tertiary",260,"no","yes",138,2,-1,0,"1","no"
49,"married","secondary",90,"yes","no",127,1,-1,0,"1","no"
38,"married","secondary",2342,"no","no",136,2,-1,0,"1","no"
31,"single","secondary",430,"no","no",129,4,-1,0,"1","no"
47,"married","tertiary",362,"yes","no",97,5,-1,0,"1","no"
46,"married","secondary",5169,"no","no",72,14,-1,0,"1","no"
58,"married","tertiary",289,"no","no",182,2,-1,0,"1","no"
23,"single","tertiary",691,"no","no",1178,1,178,6,"1","yes"
42,"married","primary",1547,"yes","yes",272,3,-1,0,"1","no"
37,"married","secondary",749,"no","no",219,1,-1,0,"1","no"
41,"married","tertiary",1517,"no","no",193,3,-1,0,"1","yes"
32,"single","tertiary",1012,"no","no",178,1,-1,0,"1","no"
32,"single","tertiary",611,"yes","yes",353,1,-1,0,"1","no"
60,"single","primary",11262,"no","no",323,1,-1,0,"1","yes"
45,"married","secondary",1477,"yes","no",75,1,132,1,"1","no"
77,"married","tertiary",5619,"no","no",189,1,-1,0,"1","no"
63,"married","secondary",1612,"no","no",233,2,-1,0,"1","yes"
56,"married","tertiary",478,"no","no",97,1,-1,0,"1","no"
34,"married","secondary",190,"yes","no",121,3,-1,0,"1","no"
36,"single","secondary",1822,"yes","no",952,1,323,1,"1","yes"
39,"married","secondary",694,"yes","no",413,5,-1,0,"1","no"
38,"married","secondary",-673,"yes","no",364,1,-1,0,"1","no"
28,"single","secondary",260,"yes","no",374,2,-1,0,"1","no"
35,"single","tertiary",2928,"yes","no",54,1,-1,0,"1","no"
25,"single","secondary",2354,"no","no",149,1,84,7,"1","no"
55,"married","secondary",34,"yes","yes",97,3,-1,0,"1","no"
61,"married","secondary",3340,"no","no",224,1,-1,0,"1","no"
41,"married","secondary",6687,"yes","no",91,3,-1,0,"1","no"
37,"married","tertiary",0,"no","no",112,4,-1,0,"1","no"
30,"single","secondary",178,"yes","no",747,5,-1,0,"1","no"
48,"married","unknown",1103,"yes","no",52,1,-1,0,"1","no"
36,"married","secondary",154,"yes","no",231,1,96,2,"1","no"
40,"single","secondary",3,"yes","yes",154,1,305,9,"1","no"
32,"single","secondary",2696,"yes","no",564,2,183,1,"1","no"
55,"single","secondary",1539,"no","no",65,2,-1,0,"1","no"
57,"married","primary",0,"yes","no",62,2,273,2,"1","no"
38,"single","tertiary",493,"yes","no",553,1,367,7,"1","no"
58,"married","secondary",-382,"no","no",398,4,189,12,"1","no"
63,"divorced","secondary",859,"no","no",92,1,-1,0,"1","no"
28,"single","secondary",26,"yes","no",227,2,-1,0,"1","no"
46,"single","tertiary",2904,"yes","no",984,2,-1,0,"1","yes"
33,"married","secondary",-124,"no","no",150,2,325,1,"1","no"
31,"single","tertiary",220,"yes","no",257,2,184,2,"1","no"
47,"married","secondary",2892,"no","no",556,1,-1,0,"1","yes"
33,"single","secondary",48,"yes","no",303,1,-1,0,"1","no"
41,"married","tertiary",585,"yes","no",60,1,-1,0,"1","no"
32,"divorced","secondary",453,"yes","no",329,1,150,2,"1","no"
32,"married","secondary",-220,"yes","yes",123,2,-1,0,"1","no"
26,"single","secondary",-128,"no","yes",392,2,-1,0,"1","no"
27,"single","secondary",1110,"yes","yes",25,36,-1,0,"1","no"
38,"single","tertiary",560,"no","no",316,1,-1,0,"1","no"
29,"married","secondary",823,"yes","no",14,2,-1,0,"1","no"
55,"married","secondary",445,"no","no",99,2,-1,0,"1","no"
38,"married","secondary",1731,"yes","yes",162,2,350,4,"1","no"
46,"divorced","tertiary",8017,"yes","yes",169,2,-1,0,"1","no"
42,"married","secondary",215,"yes","yes",158,1,-1,0,"1","no"
39,"married","secondary",1751,"no","no",178,2,-1,0,"1","no"
45,"married","primary",0,"no","yes",74,2,-1,0,"1","no"
38,"divorced","tertiary",10638,"no","no",159,2,-1,0,"1","no"
34,"married","secondary",295,"yes","yes",64,1,-1,0,"1","no"
36,"single","tertiary",188,"no","no",55,2,-1,0,"1","no"
48,"single","primary",755,"yes","no",65,2,-1,0,"1","no"
26,"single","secondary",352,"no","no",202,2,-1,0,"1","no"
28,"married","secondary",1119,"yes","no",74,1,-1,0,"1","no"
35,"married","secondary",978,"no","no",660,2,182,6,"1","yes"
39,"married","primary",2133,"yes","yes",179,1,-1,0,"1","no"
43,"married","tertiary",4923,"yes","no",1102,1,-1,0,"1","no"
39,"married","secondary",281,"no","no",78,7,-1,0,"1","no"
42,"single","secondary",0,"no","no",656,2,-1,0,"1","no"
40,"divorced","secondary",348,"yes","no",142,2,-1,0,"1","no"
37,"single","tertiary",6101,"no","no",141,1,-1,0,"1","yes"
41,"divorced","tertiary",902,"yes","no",134,1,-1,0,"1","no"
36,"married","secondary",2278,"yes","no",200,3,298,1,"1","no"
37,"married","secondary",647,"yes","no",41,1,-1,0,"1","no"
34,"single","tertiary",625,"no","yes",34,1,-1,0,"1","yes"
37,"married","tertiary",5106,"no","no",244,1,-1,0,"1","yes"
53,"divorced","secondary",519,"yes","no",126,1,-1,0,"1","no"
56,"divorced","tertiary",2272,"yes","no",263,5,-1,0,"1","no"
48,"married","secondary",3519,"no","yes",229,1,60,2,"1","no"
56,"married","secondary",1894,"yes","no",189,1,-1,0,"1","no"
38,"married","secondary",205,"yes","no",170,1,-1,0,"1","no"
35,"divorced","secondary",-504,"no","no",228,1,-1,0,"1","no"
41,"married","secondary",429,"yes","no",244,1,-1,0,"1","no"
55,"married","secondary",994,"no","no",490,2,-1,0,"1","no"
55,"married","tertiary",2,"no","yes",126,2,-1,0,"1","no"
33,"married","secondary",7048,"yes","no",71,2,-1,0,"1","no"
30,"married","secondary",194,"yes","no",475,3,-1,0,"1","no"
45,"married","tertiary",2476,"no","no",239,2,-1,0,"1","no"
32,"married","tertiary",1086,"no","no",379,3,-1,0,"1","no"
35,"single","primary",258,"yes","no",144,1,-1,0,"1","no"
36,"single","secondary",12264,"no","no",285,1,182,2,"1","yes"
41,"single","tertiary",-89,"yes","no",195,4,251,4,"1","no"
39,"married","primary",2805,"yes","no",102,23,-1,0,"1","no"
30,"single","tertiary",780,"yes","no",339,2,-1,0,"1","no"
28,"single","unknown",448,"yes","no",307,1,-1,0,"1","no"
33,"single","tertiary",224,"no","no",409,2,92,4,"1","yes"
49,"married","secondary",322,"no","no",356,2,-1,0,"1","no"
36,"married","secondary",96,"no","no",302,1,-1,0,"1","yes"
33,"single","secondary",5235,"no","no",67,3,-1,0,"1","no"
42,"married","primary",15,"yes","no",230,1,-1,0,"1","no"
30,"married","secondary",1589,"yes","no",51,4,-1,0,"1","no"
51,"married","secondary",-491,"yes","yes",805,2,-1,0,"1","no"
45,"married","secondary",434,"no","no",76,4,-1,0,"1","no"
25,"married","secondary",4063,"yes","no",64,1,-1,0,"1","no"
37,"single","tertiary",6101,"no","no",60,5,87,1,"1","no"
59,"married","tertiary",3421,"no","no",121,5,-1,0,"1","no"
30,"single","tertiary",106,"yes","no",119,3,-1,0,"1","no"
34,"divorced","secondary",661,"yes","no",122,1,96,9,"1","no"
31,"single","unknown",461,"yes","no",462,1,-1,0,"1","no"
34,"single","secondary",1866,"no","no",134,3,185,1,"1","no"
39,"married","secondary",0,"yes","no",63,3,-1,0,"1","no"
43,"married","secondary",3529,"no","no",169,2,-1,0,"1","no"
30,"single","tertiary",726,"no","no",103,1,-1,0,"1","no"
39,"single","tertiary",1107,"yes","no",407,4,-1,0,"1","no"
26,"single","tertiary",12,"no","no",563,1,181,10,"1","yes"
25,"married","primary",669,"yes","no",367,2,-1,0,"1","no"
37,"single","tertiary",1379,"yes","no",319,3,-1,0,"1","no"
28,"single","tertiary",21,"yes","no",219,3,-1,0,"1","no"
36,"single","secondary",755,"no","no",355,1,-1,0,"1","no"
31,"single","secondary",90,"no","yes",35,1,-1,0,"1","no"
51,"married","unknown",2642,"no","no",52,6,-1,0,"1","no"
43,"divorced","secondary",130,"yes","no",63,3,-1,0,"1","no"
48,"single","primary",396,"yes","no",194,3,-1,0,"1","no"
53,"single","tertiary",757,"yes","no",122,2,-1,0,"1","no"
52,"married","secondary",0,"no","no",351,5,-1,0,"1","no"
45,"married","secondary",351,"yes","no",18,2,-1,0,"1","no"
30,"single","tertiary",1571,"no","no",996,2,-1,0,"1","no"
49,"married","tertiary",1808,"yes","no",205,1,95,1,"1","yes"
56,"divorced","primary",0,"no","no",27,1,-1,0,"1","no"
35,"divorced","secondary",3443,"no","no",409,4,-1,0,"1","no"
30,"single","secondary",60,"no","no",55,2,-1,0,"1","no"
49,"married","secondary",2631,"yes","no",76,2,-1,0,"1","no"
32,"single","secondary",-83,"yes","no",116,3,-1,0,"1","no"
35,"married","secondary",977,"yes","no",52,4,91,1,"1","no"
48,"married","secondary",-440,"yes","yes",399,1,-1,0,"1","no"
57,"married","secondary",162,"yes","no",174,1,-1,0,"1","no"
48,"single","primary",46,"no","no",113,2,180,1,"1","yes"
46,"married","secondary",89,"yes","no",479,2,-1,0,"1","no"
24,"married","secondary",0,"yes","no",284,1,-1,0,"1","no"
44,"married","secondary",3843,"yes","no",70,1,150,2,"1","no"
37,"married","tertiary",1315,"no","no",224,1,-1,0,"1","yes"
60,"married","secondary",1541,"no","no",90,3,-1,0,"1","no"
43,"married","tertiary",291,"yes","no",150,2,-1,0,"1","no"
42,"married","primary",-209,"no","yes",90,2,-1,0,"1","no"
60,"divorced","secondary",545,"yes","no",1030,1,-1,0,"1","yes"
49,"divorced","tertiary",0,"yes","no",32,2,-1,0,"1","no"
40,"married","secondary",79,"yes","no",223,3,-1,0,"1","no"
26,"single","secondary",81,"no","yes",604,1,-1,0,"1","no"
35,"divorced","secondary",89,"no","no",203,28,-1,0,"1","no"
40,"married","secondary",-342,"yes","no",754,1,-1,0,"1","no"
29,"married","secondary",15,"no","no",136,1,-1,0,"1","no"
48,"divorced","tertiary",1401,"yes","no",72,3,-1,0,"1","no"
34,"married","tertiary",-28,"yes","no",574,1,-1,0,"1","no"
29,"married","tertiary",55,"yes","no",235,1,-1,0,"1","no"
50,"married","unknown",-84,"yes","no",101,1,-1,0,"1","no"
40,"married","tertiary",832,"yes","yes",126,1,-1,0,"1","no"
47,"married","secondary",356,"no","no",44,5,-1,0,"1","no"
47,"married","primary",1803,"yes","yes",82,7,-1,0,"1","no"
22,"single","secondary",0,"yes","no",179,2,-1,0,"1","no"
28,"single","secondary",87,"yes","no",27,1,345,1,"1","no"
57,"married","secondary",0,"yes","yes",200,2,-1,0,"1","no"
35,"married","tertiary",750,"yes","no",233,12,-1,0,"1","no"
42,"married","secondary",3052,"yes","no",32,1,-1,0,"1","no"
33,"single","tertiary",76,"yes","no",256,3,-1,0,"1","no"
33,"married","secondary",89,"no","no",524,3,-1,0,"1","no"
35,"married","tertiary",436,"no","yes",507,1,184,4,"1","no"
48,"married","secondary",454,"yes","no",114,1,-1,0,"1","no"
34,"single","tertiary",449,"no","no",765,3,-1,0,"1","no"
31,"single","secondary",92,"yes","no",401,2,-1,0,"1","no"
42,"divorced","secondary",31,"no","no",120,1,-1,0,"1","no"
30,"married","secondary",3,"no","no",42,2,297,1,"1","no"
66,"married","tertiary",525,"no","no",287,1,-1,0,"1","no"
27,"married","tertiary",59,"no","no",306,6,-1,0,"1","no"
47,"divorced","secondary",829,"no","yes",466,2,-1,0,"1","no"
28,"married","secondary",86,"yes","yes",918,1,-1,0,"1","no"
25,"married","secondary",894,"yes","no",328,1,-1,0,"1","no"
41,"divorced","tertiary",2611,"yes","no",129,1,314,2,"1","no"
24,"married","primary",456,"no","no",337,2,-1,0,"1","no"
41,"married","primary",449,"yes","no",10,6,-1,0,"1","no"
28,"married","secondary",61,"yes","no",253,1,174,4,"1","yes"
30,"single","secondary",175,"no","no",167,4,-1,0,"1","no"
42,"married","primary",7041,"yes","no",386,4,-1,0,"1","no"
26,"single","tertiary",47,"no","yes",257,2,-1,0,"1","no"
56,"married","primary",-24,"yes","no",305,3,-1,0,"1","no"
49,"married","primary",2316,"no","no",35,4,-1,0,"1","no"
46,"married","secondary",1590,"yes","no",59,2,-1,0,"1","no"
34,"single","secondary",557,"no","no",224,1,-1,0,"1","yes"
27,"single","secondary",4,"yes","no",153,2,-1,0,"1","no"
33,"married","tertiary",483,"yes","no",738,2,-1,0,"1","no"
46,"married","unknown",1481,"yes","no",49,3,-1,0,"1","no"
36,"married","secondary",-173,"yes","no",197,3,-1,0,"1","no"
42,"married","primary",969,"yes","no",721,1,-1,0,"1","no"
56,"married","secondary",58932,"no","no",339,2,-1,0,"1","no"
28,"single","tertiary",102,"no","no",321,2,-1,0,"1","no"
58,"married","tertiary",0,"no","no",138,2,-1,0,"1","no"
34,"married","tertiary",179,"yes","no",184,1,-1,0,"1","no"
60,"married","secondary",358,"no","no",74,2,-1,0,"1","no"
35,"married","secondary",274,"yes","yes",205,1,-1,0,"1","no"
28,"single","secondary",1347,"no","no",317,2,108,14,"1","no"
53,"married","secondary",4968,"no","no",109,1,87,2,"1","no"
30,"married","tertiary",0,"no","no",111,5,-1,0,"1","no"
42,"married","tertiary",257,"no","yes",340,2,-1,0,"1","no"
23,"single","secondary",0,"no","no",526,1,-1,0,"1","no"
31,"single","secondary",2,"no","no",65,4,-1,0,"1","no"
58,"married","primary",879,"yes","no",242,7,-1,0,"1","no"
45,"married","secondary",251,"yes","no",304,2,259,2,"1","no"
26,"single","tertiary",2,"no","no",120,2,-1,0,"1","no"
48,"married","secondary",127,"no","no",117,1,-1,0,"1","no"
44,"divorced","secondary",2108,"yes","no",152,2,369,1,"1","no"
55,"married","secondary",284,"yes","yes",157,3,-1,0,"1","no"
46,"married","tertiary",0,"no","no",83,4,-1,0,"1","no"
32,"married","primary",309,"yes","no",185,1,370,3,"1","no"
33,"married","tertiary",114,"yes","yes",207,9,-1,0,"1","no"
33,"divorced","secondary",2358,"yes","no",529,3,-1,0,"1","no"
35,"single","tertiary",474,"yes","yes",372,1,-1,0,"1","no"
31,"single","secondary",350,"yes","no",383,5,-1,0,"1","no"
25,"single","secondary",-247,"yes","no",633,1,-1,0,"1","yes"
28,"married","secondary",455,"no","no",286,1,-1,0,"1","no"
41,"married","secondary",65,"no","no",157,1,-1,0,"1","no"
33,"single","tertiary",2024,"no","no",109,2,-1,0,"1","no"
39,"married","secondary",2266,"no","no",208,4,-1,0,"1","yes"
52,"married","secondary",3034,"no","no",206,2,-1,0,"1","no"
52,"married","secondary",3241,"yes","no",105,1,-1,0,"1","no"
40,"divorced","tertiary",37,"yes","no",412,1,-1,0,"1","no"
25,"single","secondary",722,"yes","no",172,1,-1,0,"1","no"
55,"married","tertiary",0,"no","no",116,1,-1,0,"1","no"
30,"married","secondary",0,"no","no",93,3,-1,0,"1","no"
29,"married","secondary",714,"yes","yes",482,2,-1,0,"1","yes"
57,"divorced","tertiary",442,"no","no",41,1,253,3,"1","no"
57,"single","secondary",1430,"yes","no",666,5,-1,0,"1","no"
40,"married","tertiary",0,"no","no",952,4,-1,0,"1","yes"
46,"divorced","secondary",5,"yes","yes",305,2,-1,0,"1","no"
44,"married","secondary",2403,"yes","no",180,2,-1,0,"1","no"
33,"single","secondary",2466,"yes","no",132,2,-1,0,"1","no"
33,"married","secondary",-253,"yes","no",89,3,-1,0,"1","no"
41,"married","tertiary",1409,"no","no",138,1,-1,0,"1","no"
32,"married","tertiary",281,"yes","no",226,1,-1,0,"1","no"
46,"divorced","secondary",348,"yes","no",323,1,-1,0,"1","no"
46,"divorced","secondary",0,"no","no",1023,3,-1,0,"1","yes"
40,"married","secondary",0,"no","no",55,6,-1,0,"1","no"
37,"single","tertiary",553,"no","no",63,2,-1,0,"1","no"
42,"married","primary",0,"no","no",397,1,-1,0,"1","no"
33,"married","tertiary",340,"no","no",402,2,-1,0,"1","no"
30,"single","secondary",516,"yes","no",66,2,-1,0,"1","no"
52,"single","tertiary",3469,"yes","no",653,1,-1,0,"1","yes"
46,"married","unknown",-1092,"yes","no",75,5,-1,0,"1","no"
50,"married","secondary",20,"yes","no",95,1,-1,0,"1","no"
32,"married","secondary",112,"yes","no",311,1,321,1,"1","no"
38,"married","secondary",-140,"no","no",456,3,-1,0,"1","no"
49,"married","primary",3652,"yes","yes",568,1,285,2,"1","no"
33,"married","unknown",695,"yes","yes",148,1,-1,0,"1","no"
29,"single","secondary",163,"yes","yes",803,1,-1,0,"1","yes"
44,"married","tertiary",474,"yes","yes",183,4,-1,0,"1","no"
38,"single","secondary",864,"yes","no",364,1,348,1,"1","no"
36,"married","secondary",79,"yes","no",275,2,-1,0,"1","no"
58,"married","tertiary",16264,"no","no",215,3,-1,0,"1","no"
28,"single","secondary",-260,"yes","no",170,2,-1,0,"1","no"
33,"single","secondary",136,"yes","no",30,2,336,13,"1","no"
39,"married","primary",551,"no","yes",107,5,-1,0,"1","no"
28,"single","secondary",781,"yes","no",52,1,-1,0,"1","no"
31,"single","secondary",183,"yes","no",258,1,300,1,"1","no"
46,"married","secondary",2148,"no","no",176,4,-1,0,"1","no"
39,"married","secondary",5562,"no","no",149,3,-1,0,"1","no"
24,"single","secondary",1690,"yes","yes",543,3,350,3,"1","no"
27,"single","secondary",504,"yes","no",106,5,362,8,"1","no"
34,"single","tertiary",1049,"yes","no",55,1,-1,0,"1","no"
24,"single","secondary",-122,"yes","no",1000,1,-1,0,"1","yes"
32,"single","tertiary",27,"no","no",146,3,-1,0,"1","no"
36,"married","secondary",70,"yes","no",100,2,-1,0,"1","no"
38,"single","tertiary",11971,"yes","no",327,3,-1,0,"1","no"
39,"married","secondary",145,"yes","yes",337,3,330,6,"1","no"
30,"married","tertiary",319,"yes","yes",91,2,-1,0,"1","no"
44,"single","secondary",7138,"no","no",809,2,-1,0,"1","yes"
45,"married","tertiary",0,"no","no",103,2,-1,0,"1","no"
65,"divorced","tertiary",0,"no","no",248,1,-1,0,"1","no"
31,"married","secondary",-641,"yes","yes",296,2,-1,0,"1","no"
63,"married","primary",12067,"no","no",660,1,191,1,"1","yes"
29,"married","secondary",1661,"yes","no",123,2,-1,0,"1","no"
38,"married","primary",2366,"yes","no",97,4,-1,0,"1","no"
39,"single","secondary",782,"yes","no",162,3,-1,0,"1","no"
46,"divorced","secondary",-154,"yes","no",215,2,294,1,"1","no"
25,"single","secondary",7103,"yes","no",287,1,-1,0,"1","no"
30,"single","tertiary",5288,"yes","no",288,3,-1,0,"1","no"
47,"married","secondary",310,"yes","no",145,3,-1,0,"1","no"
37,"married","primary",403,"yes","no",318,2,338,1,"1","no"
27,"married","secondary",2329,"no","no",131,1,-1,0,"1","yes"
48,"married","tertiary",3766,"no","no",206,2,-1,0,"1","no"
45,"married","primary",658,"yes","no",406,3,270,2,"1","no"
41,"married","tertiary",1408,"no","no",403,3,-1,0,"1","no"
40,"married","secondary",192,"yes","yes",16,8,351,5,"1","no"
50,"married","secondary",326,"yes","no",124,1,369,2,"1","no"
25,"single","secondary",381,"yes","no",951,1,-1,0,"1","no"
41,"single","secondary",3023,"no","no",616,3,-1,0,"1","no"
39,"divorced","secondary",127,"no","no",150,2,-1,0,"1","no"
57,"married","tertiary",10583,"no","no",272,1,178,6,"1","yes"
45,"single","tertiary",2571,"yes","no",54,1,-1,0,"1","no"
57,"divorced","primary",362,"no","no",187,1,-1,0,"1","no"
42,"divorced","secondary",83,"no","no",300,5,358,6,"1","no"
35,"married","tertiary",-272,"no","yes",309,1,197,13,"1","no"
49,"single","secondary",1245,"no","no",115,2,198,2,"1","no"
57,"single","unknown",5368,"yes","no",585,1,-1,0,"1","no"
33,"married","secondary",93,"no","no",211,5,-1,0,"1","no"
23,"single","secondary",105,"yes","yes",305,2,-1,0,"1","no"
46,"married","tertiary",917,"no","no",389,5,-1,0,"1","no"
29,"married","tertiary",167,"yes","yes",357,2,237,2,"1","no"
28,"single","secondary",404,"no","yes",188,1,-1,0,"1","no"
25,"single","secondary",0,"yes","no",244,2,-1,0,"1","no"
25,"single","tertiary",453,"yes","no",134,1,-1,0,"1","no"
32,"married","tertiary",514,"yes","no",497,2,-1,0,"1","no"
55,"married","secondary",1569,"yes","no",156,4,-1,0,"1","no"
43,"married","primary",-124,"yes","no",47,5,-1,0,"1","no"
52,"married","secondary",9,"no","yes",44,1,-1,0,"1","no"
53,"married","primary",574,"yes","no",121,2,-1,0,"1","no"
35,"married","secondary",159,"yes","no",259,2,262,1,"1","no"
35,"single","tertiary",687,"yes","no",166,2,-1,0,"1","no"
38,"married","unknown",499,"no","no",240,6,-1,0,"1","no"
30,"single","tertiary",1622,"no","no",242,1,-1,0,"1","no"
33,"married","secondary",34,"yes","yes",161,1,-1,0,"1","no"
50,"married","primary",167,"no","no",189,1,-1,0,"1","no"
39,"divorced","secondary",0,"no","no",35,6,-1,0,"1","no"
19,"single","primary",0,"no","no",72,4,-1,0,"1","no"
48,"married","secondary",426,"yes","yes",186,2,-1,0,"1","no"
50,"married","tertiary",202,"yes","no",107,1,148,4,"1","no"
30,"married","secondary",1534,"yes","yes",243,1,-1,0,"1","no"
38,"married","secondary",-242,"yes","yes",236,2,-1,0,"1","no"
52,"married","secondary",266,"yes","no",87,2,299,3,"1","no"
34,"single","tertiary",2521,"no","no",73,2,-1,0,"1","no"
30,"single","secondary",223,"yes","no",862,11,-1,0,"1","yes"
39,"married","primary",1373,"yes","no",81,5,-1,0,"1","no"
47,"married","secondary",-107,"no","no",236,2,-1,0,"1","no"
46,"married","primary",5393,"yes","no",997,2,-1,0,"1","no"
53,"single","secondary",198,"yes","yes",521,2,-1,0,"1","no"
33,"single","secondary",687,"yes","no",174,1,-1,0,"1","no"
37,"married","primary",3517,"yes","no",445,1,-1,0,"1","no"
38,"married","tertiary",2548,"yes","no",60,1,-1,0,"1","no"
28,"married","primary",0,"yes","no",129,2,-1,0,"1","no"
37,"married","tertiary",264,"yes","yes",276,1,157,1,"1","no"
31,"married","secondary",1570,"yes","yes",133,2,180,1,"1","no"
35,"married","tertiary",86,"yes","no",144,3,-1,0,"1","no"
38,"married","secondary",0,"yes","no",210,1,92,3,"1","yes"
55,"divorced","tertiary",1598,"no","no",607,4,-1,0,"1","no"
34,"married","secondary",0,"yes","yes",175,4,-1,0,"1","no"
44,"married","secondary",2897,"no","no",296,1,180,4,"1","no"
44,"divorced","tertiary",0,"yes","yes",128,1,-1,0,"1","no"
37,"married","secondary",1345,"yes","no",59,2,-1,0,"1","no"
34,"single","tertiary",589,"yes","no",44,4,367,1,"1","no"
30,"single","secondary",3809,"yes","no",159,4,-1,0,"1","no"
36,"divorced","secondary",437,"yes","no",722,2,344,1,"1","yes"
44,"divorced","secondary",-43,"yes","yes",206,1,-1,0,"1","no"
47,"married","secondary",344,"yes","no",87,1,-1,0,"1","no"
46,"married","secondary",179,"yes","no",194,4,436,1,"1","no"
48,"married","secondary",473,"no","yes",198,2,-1,0,"1","no"
56,"divorced","secondary",778,"yes","no",149,2,-1,0,"1","no"
37,"married","secondary",306,"no","no",73,1,-1,0,"1","no"
43,"married","secondary",877,"yes","no",135,1,-1,0,"1","no"
55,"married","secondary",1816,"no","no",197,1,-1,0,"1","no"
33,"married","secondary",920,"no","no",344,1,-1,0,"1","yes"
35,"married","primary",0,"no","yes",17,1,-1,0,"1","no"
36,"married","tertiary",4932,"yes","no",273,5,-1,0,"1","no"
31,"married","tertiary",4315,"yes","no",359,1,-1,0,"1","no"
48,"married","secondary",74,"no","yes",315,1,-1,0,"1","no"
33,"married","secondary",0,"no","no",128,1,-1,0,"1","no"
59,"married","secondary",561,"no","no",323,2,-1,0,"1","no"
40,"married","secondary",877,"yes","no",207,6,-1,0,"1","no"
54,"married","secondary",2206,"no","no",260,1,91,4,"1","yes"
42,"single","primary",4930,"no","no",973,1,-1,0,"1","yes"
43,"divorced","secondary",-287,"yes","no",580,4,-1,0,"1","no"
38,"divorced","secondary",1559,"yes","no",22,6,179,10,"1","no"
26,"single","tertiary",2722,"no","no",206,1,-1,0,"1","no"
31,"single","secondary",538,"yes","no",660,3,-1,0,"1","no"
54,"married","tertiary",1014,"no","yes",240,1,162,2,"1","yes"
36,"married","primary",409,"yes","no",81,3,-1,0,"1","no"
37,"married","secondary",718,"no","yes",215,3,-1,0,"1","no"
29,"single","tertiary",218,"yes","no",169,1,-1,0,"1","no"
36,"single","secondary",4394,"yes","no",114,1,-1,0,"1","no"
43,"married","tertiary",3157,"no","no",381,2,330,17,"1","no"
33,"single","secondary",635,"no","no",124,1,-1,0,"1","no"
32,"married","unknown",1016,"no","no",141,2,-1,0,"1","no"
49,"married","primary",2068,"yes","no",45,1,-1,0,"1","no"
36,"married","secondary",1368,"no","no",516,1,292,5,"1","yes"
54,"divorced","tertiary",92,"no","yes",86,4,-1,0,"1","no"
47,"married","primary",502,"yes","no",28,2,-1,0,"1","no"
54,"single","secondary",1178,"yes","no",41,6,264,2,"1","no"
32,"single","unknown",2313,"yes","no",99,26,-1,0,"1","no"
44,"divorced","secondary",-368,"yes","no",895,1,-1,0,"1","yes"
35,"single","primary",3339,"yes","no",304,2,-1,0,"1","no"
32,"single","tertiary",61,"yes","no",130,3,-1,0,"1","no"
38,"married","secondary",-448,"yes","no",929,15,-1,0,"1","no"
43,"divorced","tertiary",3163,"yes","no",211,3,-1,0,"1","no"
34,"married","secondary",-257,"yes","no",160,1,368,4,"1","no"
29,"married","tertiary",7832,"yes","no",304,2,-1,0,"1","no"
39,"married","unknown",378,"no","no",17,5,-1,0,"1","no"
44,"married","primary",658,"yes","no",236,2,-1,0,"1","no"
47,"married","unknown",1046,"no","no",83,1,-1,0,"1","no"
37,"single","tertiary",2441,"yes","yes",248,1,-1,0,"1","no"
42,"married","primary",1371,"no","no",125,8,-1,0,"1","no"
55,"married","secondary",865,"yes","no",85,1,151,1,"1","no"
42,"single","tertiary",0,"no","no",129,4,-1,0,"1","no"
59,"divorced","tertiary",258,"yes","no",33,1,173,1,"1","no"
46,"married","unknown",0,"yes","no",49,1,-1,0,"1","no"
45,"married","secondary",295,"yes","no",92,1,-1,0,"1","no"
50,"married","tertiary",52,"no","no",22,8,-1,0,"1","no"
32,"married","secondary",328,"yes","no",132,1,-1,0,"1","no"
31,"married","tertiary",1134,"no","no",174,2,-1,0,"1","no"
59,"married","secondary",1035,"yes","yes",126,2,239,1,"1","no"
34,"married","secondary",165,"no","no",99,1,370,1,"1","no"
43,"married","tertiary",136,"no","no",120,2,-1,0,"1","no"
59,"divorced","secondary",1,"yes","no",602,1,253,5,"1","yes"
30,"single","unknown",0,"yes","no",1206,2,-1,0,"1","no"
48,"divorced","secondary",1266,"yes","no",45,1,-1,0,"1","no"
23,"single","secondary",85,"yes","no",109,2,-1,0,"1","no"
58,"married","primary",0,"no","no",176,5,-1,0,"1","no"
40,"single","secondary",0,"yes","no",350,2,-1,0,"1","no"
28,"single","secondary",1705,"no","no",412,2,-1,0,"1","yes"
51,"divorced","secondary",421,"yes","no",216,2,-1,0,"1","no"
34,"divorced","secondary",961,"no","no",137,2,430,2,"1","no"
34,"divorced","secondary",2551,"yes","yes",1408,2,-1,0,"1","no"
54,"married","tertiary",1303,"no","no",1635,1,-1,0,"1","yes"
36,"married","secondary",1550,"no","no",17,3,-1,0,"1","no"
36,"married","tertiary",1584,"yes","no",178,1,-1,0,"1","no"
30,"single","secondary",179,"yes","no",286,3,-1,0,"1","no"
54,"married","tertiary",195,"no","yes",47,1,265,6,"1","no"
56,"married","primary",9367,"no","no",320,2,101,2,"1","yes"
56,"married","primary",17,"yes","no",123,4,-1,0,"1","no"
28,"married","secondary",22171,"yes","no",85,3,-1,0,"1","no"
49,"married","tertiary",3237,"yes","no",232,3,-1,0,"1","no"
39,"married","tertiary",94,"no","no",70,2,-1,0,"1","no"
60,"married","tertiary",371,"no","yes",102,8,-1,0,"1","no"
37,"married","tertiary",355,"no","no",340,1,-1,0,"1","no"
40,"married","secondary",488,"yes","no",222,4,-1,0,"1","no"
32,"married","tertiary",8300,"no","yes",460,3,-1,0,"1","no"
43,"divorced","tertiary",-173,"no","yes",119,7,-1,0,"1","no"
33,"married","secondary",14850,"yes","no",122,5,-1,0,"1","no"
31,"married","secondary",3311,"yes","no",719,1,-1,0,"1","yes"
30,"married","tertiary",86,"yes","yes",255,6,169,3,"1","no"
43,"divorced","secondary",51,"no","no",430,1,-1,0,"1","yes"
23,"single","tertiary",230,"no","no",264,1,-1,0,"1","no"
31,"single","secondary",2038,"yes","no",239,1,182,1,"1","no"
47,"married","secondary",1765,"no","no",59,3,-1,0,"1","no"
32,"divorced","secondary",264,"no","no",71,1,-1,0,"1","no"
29,"single","tertiary",1170,"no","no",453,1,-1,0,"1","yes"
45,"married","tertiary",37378,"yes","no",167,1,-1,0,"1","no"
40,"married","primary",324,"yes","no",205,6,-1,0,"1","no"
36,"married","tertiary",114,"no","no",342,1,-1,0,"1","no"
42,"married","secondary",372,"yes","no",130,8,-1,0,"1","no"
59,"married","unknown",201,"no","no",69,7,-1,0,"1","no"
43,"divorced","secondary",0,"no","no",106,4,-1,0,"1","no"
33,"married","secondary",2254,"yes","no",130,1,148,1,"1","no"
59,"married","secondary",26,"no","no",92,3,-1,0,"1","no"
25,"single","tertiary",710,"no","no",119,1,-1,0,"1","no"
34,"married","secondary",0,"yes","no",55,3,-1,0,"1","no"
34,"married","tertiary",31,"no","no",108,1,-1,0,"1","no"
27,"single","tertiary",13107,"yes","no",661,1,314,2,"1","yes"
30,"married","secondary",-388,"yes","no",263,1,293,3,"1","no"
52,"married","secondary",4233,"no","no",158,2,-1,0,"1","no"
31,"married","tertiary",120,"no","no",1000,1,-1,0,"1","yes"
45,"divorced","tertiary",2406,"no","no",248,2,-1,0,"1","no"
36,"divorced","tertiary",8119,"no","yes",118,2,-1,0,"1","no"
36,"single","secondary",60,"yes","no",156,2,-1,0,"1","yes"
37,"divorced","secondary",284,"yes","no",182,5,-1,0,"1","no"
35,"married","secondary",1993,"yes","no",462,2,-1,0,"1","no"
29,"single","unknown",175,"no","no",597,3,-1,0,"1","no"
25,"single","tertiary",11,"no","yes",236,3,-1,0,"1","no"
38,"married","tertiary",52,"yes","no",82,4,-1,0,"1","no"
47,"married","secondary",439,"yes","no",156,12,-1,0,"1","no"
58,"married","primary",1183,"no","no",1721,5,-1,0,"1","yes"
18,"single","unknown",108,"no","no",167,1,-1,0,"1","yes"
41,"married","secondary",2105,"yes","no",134,1,-1,0,"1","no"
58,"married","secondary",5680,"no","yes",237,2,-1,0,"1","no"
45,"married","unknown",13265,"no","no",113,2,-1,0,"1","no"
36,"married","primary",378,"yes","no",1240,1,-1,0,"1","yes"
31,"married","secondary",457,"yes","no",236,1,-1,0,"1","no"
34,"married","primary",6718,"no","no",278,4,97,1,"1","no"
32,"married","tertiary",1390,"no","no",116,2,-1,0,"1","no"
40,"married","tertiary",2946,"no","no",78,2,-1,0,"1","no"
35,"single","primary",246,"no","no",157,2,345,5,"1","no"
38,"married","secondary",284,"yes","no",483,1,-1,0,"1","no"
46,"married","primary",965,"no","no",177,1,-1,0,"1","no"
57,"divorced","tertiary",3287,"no","no",277,2,337,1,"1","yes"
32,"single","secondary",432,"no","no",559,3,-1,0,"1","no"
37,"married","unknown",247,"no","no",366,1,-1,0,"1","no"
43,"divorced","tertiary",1133,"yes","no",131,1,-1,0,"1","no"
53,"married","unknown",0,"no","no",150,2,-1,0,"1","no"
39,"married","secondary",217,"yes","no",284,1,308,4,"1","no"
30,"single","tertiary",102,"yes","no",364,3,-1,0,"1","yes"
38,"divorced","secondary",382,"yes","no",397,1,-1,0,"1","no"
34,"single","tertiary",1077,"no","no",218,1,151,5,"1","no"
30,"single","secondary",327,"yes","no",21,2,-1,0,"1","no"
42,"married","secondary",0,"no","no",240,1,-1,0,"1","no"
38,"divorced","secondary",-397,"yes","yes",91,9,-1,0,"1","no"
53,"married","secondary",380,"yes","yes",42,1,302,1,"1","no"
29,"married","tertiary",26,"yes","no",45,1,-1,0,"1","no"
40,"married","tertiary",3059,"yes","yes",41,1,182,1,"1","no"
51,"married","secondary",1605,"yes","no",94,3,-1,0,"1","no"
40,"single","unknown",358,"yes","no",350,1,-1,0,"1","no"
52,"married","secondary",2904,"yes","no",201,6,272,3,"1","no"
52,"married","secondary",1645,"no","no",248,1,-1,0,"1","no"
37,"married","secondary",121,"yes","no",617,2,-1,0,"1","no"
31,"single","secondary",0,"yes","no",150,1,-1,0,"1","no"
33,"married","tertiary",12,"yes","no",137,1,-1,0,"1","no"
35,"single","secondary",-41,"yes","no",169,1,-1,0,"1","no"
46,"married","tertiary",99,"yes","no",569,1,-1,0,"1","no"
36,"married","secondary",1949,"yes","no",48,2,319,3,"1","no"
32,"married","primary",7406,"yes","no",418,2,-1,0,"1","no"
32,"married","secondary",316,"yes","no",14,4,-1,0,"1","no"
30,"divorced","tertiary",-1105,"yes","no",686,1,-1,0,"1","no"
60,"married","tertiary",0,"yes","no",59,1,-1,0,"1","no"
26,"single","tertiary",828,"yes","no",156,1,199,1,"1","yes"
33,"single","primary",-15,"no","yes",326,2,-1,0,"1","no"
36,"single","primary",58,"yes","no",134,1,-1,0,"1","no"
56,"married","secondary",397,"yes","no",252,1,-1,0,"1","no"
57,"married","primary",8403,"no","no",11,11,-1,0,"1","no"
46,"married","secondary",-204,"yes","yes",234,15,-1,0,"1","no"
46,"married","secondary",2948,"no","no",893,1,-1,0,"1","yes"
55,"married","primary",512,"no","no",1200,2,-1,0,"1","yes"
39,"divorced","tertiary",966,"yes","yes",186,1,-1,0,"1","no"
52,"divorced","tertiary",0,"no","no",335,1,-1,0,"1","no"
42,"single","secondary",58,"no","no",428,1,-1,0,"1","no"
79,"married","unknown",0,"no","no",167,1,-1,0,"1","no"
41,"divorced","secondary",840,"yes","no",938,1,-1,0,"1","yes"
26,"single","secondary",81,"no","yes",803,2,-1,0,"1","yes"
32,"married","secondary",2468,"yes","yes",131,4,-1,0,"1","no"
44,"divorced","primary",538,"no","no",196,2,-1,0,"1","no"
58,"married","secondary",4717,"yes","no",135,1,-1,0,"1","no"
43,"single","tertiary",664,"yes","no",119,1,-1,0,"1","no"
28,"married","secondary",339,"yes","no",100,2,-1,0,"1","no"
46,"single","tertiary",1631,"yes","no",175,1,-1,0,"1","no"
44,"married","primary",2958,"yes","no",229,2,-1,0,"1","no"
43,"single","secondary",214,"yes","no",335,1,-1,0,"1","no"
46,"married","primary",1429,"yes","no",91,1,-1,0,"1","no"
36,"single","tertiary",1129,"yes","no",444,1,-1,0,"1","no"
39,"single","secondary",-25,"yes","no",576,1,-1,0,"1","no"
51,"married","secondary",1573,"no","no",72,18,-1,0,"1","no"
38,"divorced","unknown",6360,"no","no",1409,2,-1,0,"1","yes"
50,"divorced","tertiary",64,"no","no",81,6,-1,0,"1","no"
49,"married","secondary",-327,"yes","no",423,1,-1,0,"1","no"
40,"divorced","secondary",6,"no","no",140,1,-1,0,"1","no"
51,"married","tertiary",990,"no","no",189,5,-1,0,"1","no"
45,"married","secondary",2776,"yes","no",287,2,181,1,"1","yes"
34,"married","secondary",199,"yes","no",627,3,-1,0,"1","no"
19,"single","primary",103,"no","no",177,2,95,4,"1","no"
59,"married","primary",914,"no","no",139,8,-1,0,"1","no"
42,"single","secondary",568,"yes","no",311,2,341,2,"1","no"
57,"married","secondary",530,"yes","no",10,7,360,7,"1","no"
41,"single","secondary",1680,"yes","no",76,2,-1,0,"1","no"
40,"married","tertiary",271,"yes","no",124,3,102,4,"1","no"
38,"married","tertiary",0,"yes","no",136,1,-1,0,"1","no"
56,"divorced","tertiary",2189,"no","no",180,1,-1,0,"1","no"
41,"married","secondary",201,"no","no",114,1,-1,0,"1","no"
31,"married","secondary",1354,"yes","yes",222,2,-1,0,"1","no"
38,"married","secondary",215,"yes","no",115,2,175,2,"1","no"
54,"single","secondary",492,"no","no",330,1,-1,0,"1","no"
50,"married","primary",1260,"no","no",172,1,-1,0,"1","no"
58,"married","secondary",1686,"no","no",110,2,-1,0,"1","no"
38,"married","secondary",635,"no","no",31,5,-1,0,"1","no"
48,"divorced","tertiary",0,"no","no",126,2,-1,0,"1","no"
39,"single","secondary",4380,"no","no",87,8,-1,0,"1","no"
33,"married","secondary",355,"yes","no",87,3,-1,0,"1","no"
44,"married","secondary",1696,"no","no",139,3,-1,0,"1","no"
40,"single","secondary",963,"yes","no",479,1,-1,0,"1","no"
65,"married","primary",493,"no","no",622,1,182,1,"1","no"
28,"single","tertiary",2489,"yes","no",342,2,-1,0,"1","yes"
61,"married","tertiary",175,"no","no",79,2,183,2,"1","no"
48,"married","secondary",2533,"no","no",714,2,633,1,"1","no"
51,"married","secondary",423,"yes","yes",236,1,90,1,"1","no"
59,"married","primary",96,"no","no",88,2,-1,0,"1","no"
43,"married","secondary",2,"yes","yes",7,5,-1,0,"1","no"
57,"divorced","secondary",-37,"no","no",173,1,-1,0,"1","no"
45,"married","secondary",-847,"no","yes",312,1,-1,0,"1","no"
47,"married","tertiary",274,"no","yes",313,2,-1,0,"1","no"
44,"married","secondary",-153,"no","yes",197,1,-1,0,"1","no"
60,"married","unknown",478,"no","no",173,2,311,8,"1","yes"
35,"married","tertiary",2123,"yes","no",249,3,-1,0,"1","no"
42,"divorced","secondary",466,"no","no",48,1,-1,0,"1","no"
38,"single","tertiary",187,"no","no",87,7,-1,0,"1","no"
46,"divorced","tertiary",194,"no","no",97,1,-1,0,"1","no"
28,"married","secondary",519,"yes","yes",311,1,-1,0,"1","no"
37,"married","unknown",47,"no","no",374,3,-1,0,"1","no"
43,"divorced","tertiary",-166,"yes","yes",176,2,-1,0,"1","no"
25,"single","secondary",122,"yes","no",286,1,-1,0,"1","no"
35,"married","tertiary",-126,"no","no",82,2,-1,0,"1","no"
52,"married","secondary",331,"no","no",84,4,-1,0,"1","no"
72,"married","unknown",1940,"no","no",705,2,-1,0,"1","yes"
40,"married","tertiary",1063,"yes","yes",264,2,-1,0,"1","no"
57,"married","primary",595,"no","no",188,2,-1,0,"1","no"
43,"single","secondary",375,"no","yes",163,4,-1,0,"1","no"
47,"single","unknown",-213,"yes","no",168,1,-1,0,"1","no"
62,"married","tertiary",0,"no","no",188,2,-1,0,"1","no"
31,"single","tertiary",0,"no","no",120,6,-1,0,"1","no"
31,"married","secondary",0,"yes","no",133,1,-1,0,"1","no"
29,"single","secondary",166,"no","yes",108,8,-1,0,"1","no"
43,"divorced","primary",-97,"yes","yes",747,4,-1,0,"1","no"
31,"single","secondary",284,"yes","no",855,1,-1,0,"1","yes"
46,"divorced","secondary",22,"no","no",8,10,-1,0,"1","no"
22,"single","tertiary",897,"yes","no",133,4,-1,0,"1","yes"
30,"single","tertiary",44,"no","no",108,2,-1,0,"1","no"
46,"married","secondary",-337,"yes","no",112,1,-1,0,"1","no"
34,"married","primary",392,"yes","no",180,3,360,1,"1","no"
30,"single","tertiary",253,"yes","no",283,4,-1,0,"1","no"
52,"married","primary",0,"yes","no",17,28,-1,0,"1","no"
40,"divorced","secondary",399,"no","no",246,2,-1,0,"1","no"
43,"married","tertiary",79,"no","no",640,1,-1,0,"1","yes"
42,"married","secondary",645,"yes","yes",42,2,-1,0,"1","no"
47,"married","primary",-58,"yes","no",92,2,-1,0,"1","no"
33,"single","tertiary",191,"no","yes",25,1,-1,0,"1","no"
45,"married","secondary",226,"no","no",211,2,-1,0,"1","no"
52,"single","tertiary",1623,"yes","no",21,17,-1,0,"1","no"
45,"married","unknown",1979,"no","no",76,3,-1,0,"1","no"
49,"married","secondary",880,"yes","yes",22,3,-1,0,"1","no"
54,"married","secondary",285,"yes","yes",63,1,2,5,"1","no"
32,"single","secondary",322,"yes","no",233,3,-1,0,"1","no"
56,"married","primary",2086,"yes","no",159,8,-1,0,"1","no"
32,"single","secondary",641,"yes","no",148,1,-1,0,"1","no"
48,"single","tertiary",0,"no","no",96,3,-1,0,"1","no"
43,"married","tertiary",68,"yes","no",31,2,-1,0,"1","no"
56,"single","secondary",-273,"no","no",119,2,-1,0,"1","no"
34,"married","tertiary",0,"yes","no",262,1,99,2,"1","yes"
27,"single","tertiary",450,"yes","no",49,1,-1,0,"1","no"
47,"married","secondary",310,"yes","yes",128,6,-1,0,"1","no"
56,"married","primary",278,"no","yes",261,3,-1,0,"1","no"
76,"married","secondary",820,"no","no",263,4,-1,0,"1","yes"
30,"single","secondary",-213,"yes","yes",751,1,-1,0,"1","yes"
32,"single","secondary",1307,"yes","no",267,2,-1,0,"1","no"
41,"married","secondary",205,"yes","no",91,1,-1,0,"1","no"
59,"married","primary",2722,"no","no",145,1,-1,0,"1","no"
33,"single","tertiary",6127,"no","no",127,3,-1,0,"1","no"
